Date,Exercise,Category,Weight,Weight Unit,Reps,Distance,Distance Unit,Time
2025-04-29,Flat Barbell Bench Press (Each Side) (Smith Machine),Chest,7.5,kgs,20,,,
2025-04-29,Flat Barbell Bench Press (Each Side) (Smith Machine),Chest,5.0,kgs,20,,,
2025-04-29,Flat Barbell Bench Press (Each Side) (Smith Machine),Chest,15.0,kgs,6,,,
2025-04-29,Flat Barbell Bench Press (Each Side) (Smith Machine),Chest,15.0,kgs,5,,,
2025-04-29,Flat Barbell Bench Press (Each Side) (Smith Machine),Chest,15.0,kgs,4,,,
2025-04-29,Flat Barbell Bench Press (Each Side) (Smith Machine),Chest,12.5,kgs,6,,,
2025-04-29,Seated Cable Row,Back,15.0,kgs,20,,,
2025-04-29,Seated Cable Row,Back,25.0,kgs,7,,,
2025-04-29,Seated Cable Row,Back,30.0,kgs,7,,,
2025-04-29,Seated Cable Row,Back,35.0,kgs,5,,,
2025-04-29,Seated Cable Row,Back,35.0,kgs,5,,,
2025-04-29,Overhead Press (Each Side, Dumbbells),Shoulders,8.0,kgs,5,,,
2025-04-29,Overhead Press (Each Side, Dumbbells),Shoulders,8.0,kgs,5,,,
2025-04-29,Overhead Press (Each Side, Dumbbells),Shoulders,10.0,kgs,3,,,
2025-04-29,Overhead Press (Each Side, Dumbbells),Shoulders,8.0,kgs,2,,,
2025-04-29,Dumbbell Curl (Each Side),Biceps,10.0,kgs,6,,,
2025-04-29,Dumbbell Curl (Each Side),Biceps,8.0,kgs,6,,,
2025-04-29,Dumbbell Curl (Each Side),Biceps,8.0,kgs,6,,,
2025-04-29,Cable Overhead Triceps Extension,Triceps,15.0,kgs,5,,,
2025-04-29,Cable Overhead Triceps Extension,Triceps,10.0,kgs,2,,,
2025-04-29,Cable Overhead Triceps Extension,Triceps,10.0,kgs,6,,,
2025-04-29,Cable Overhead Triceps Extension,Triceps,10.0,kgs,6,,,
2025-04-29,Lat Pulldown,Back,30.0,kgs,15,,,
2025-04-29,Lat Pulldown,Back,40.0,kgs,8,,,
2025-04-29,Lat Pulldown,Back,45.0,kgs,2,,,
2025-04-29,Lat Pulldown,Back,40.0,kgs,3,,,
2025-04-29,Lat Pulldown,Back,40.0,kgs,5,,,
2025-04-30,Romanian Deadlift,Legs,12.0,kgs,8,,,
2025-04-30,Romanian Deadlift,Legs,12.0,kgs,8,,,
2025-04-30,Leg Extension Machine,Legs,15.0,kgs,15,,,
2025-04-30,Leg Extension Machine,Legs,35.0,kgs,6,,,
2025-04-30,Leg Extension Machine,Legs,40.0,kgs,8,,,
2025-04-30,Leg Extension Machine,Legs,50.0,kgs,7,,,
2025-04-30,Leg Extension Machine,Legs,60.0,kgs,5,,,
2025-04-30,Standing Calf Raise Machine,Legs,15.0,kgs,12,,,
2025-04-30,Standing Calf Raise Machine,Legs,20.0,kgs,10,,,
2025-04-30,Standing Calf Raise Machine,Legs,25.0,kgs,7,,,
2025-04-30,Romanian Deadlift,Legs,12.0,kgs,10,,,
2025-04-30,Romanian Deadlift,Legs,12.0,kgs,10,,,
2025-04-30,Seated Calf Raise Machine (Each Side),Legs,10.0,kgs,8,,,
2025-04-30,Seated Calf Raise Machine (Each Side),Legs,10.0,kgs,6,,,
2025-04-30,Seated Calf Raise Machine (Each Side),Legs,10.0,kgs,7,,,
2025-05-02,Incline Barbell Bench Press Smith Machine (Each Side) (Smith Machine),Chest,10.0,kgs,12,,,
2025-05-02,Incline Barbell Bench Press Smith Machine (Each Side) (Smith Machine),Chest,10.0,kgs,8,,,
2025-05-02,Incline Barbell Bench Press Smith Machine (Each Side) (Smith Machine),Chest,10.0,kgs,5,,,
2025-05-02,Incline Barbell Bench Press Smith Machine (Each Side) (Smith Machine),Chest,10.0,kgs,7,,,
2025-05-02,Cable Lateral Raise (Each Side),Shoulders,1.25,kgs,12,,,
2025-05-02,Cable Lateral Raise (Each Side),Shoulders,2.5,kgs,12,,,
2025-05-02,Cable Lateral Raise (Each Side),Shoulders,2.5,kgs,8,,,
2025-05-02,Cable Lateral Raise (Each Side),Shoulders,1.25,kgs,12,,,
2025-05-02,Cable Lateral Raise (Each Side),Shoulders,1.25,kgs,8,,,
2025-05-02,Flat Barbell Bench Press (Each Side) (Smith Machine),Chest,10.0,kgs,12,,,
2025-05-02,Flat Barbell Bench Press (Each Side) (Smith Machine),Chest,12.5,kgs,8,,,
2025-05-02,Flat Barbell Bench Press (Each Side) (Smith Machine),Chest,12.5,kgs,6,,,
2025-05-02,Flat Barbell Bench Press (Each Side) (Smith Machine),Chest,15.0,kgs,5,,,
2025-05-02,Straight-Arm Cable Pushdown,Back,7.5,kgs,7,,,
2025-05-02,Straight-Arm Cable Pushdown,Back,10.0,kgs,9,,,
2025-05-02,Straight-Arm Cable Pushdown,Back,10.0,kgs,10,,,
2025-05-02,Straight-Arm Cable Pushdown,Back,10.0,kgs,10,,,
2025-05-02,Straight-Arm Cable Pushdown,Back,10.0,kgs,10,,,
2025-05-02,Cable Overhead Triceps Extension,Triceps,10.0,kgs,10,,,
2025-05-02,Cable Overhead Triceps Extension,Triceps,10.0,kgs,6,,,
2025-05-02,Cable Overhead Triceps Extension,Triceps,10.0,kgs,6,,,
2025-05-02,Smith Machine Overhead Press,Shoulders,15.0,kgs,6,,,
2025-05-02,Smith Machine Overhead Press,Shoulders,15.0,kgs,6,,,
2025-05-02,Smith Machine Overhead Press,Shoulders,10.0,kgs,6,,,
2025-05-02,Dumbbell Hammer Curl (Each Side),Biceps,5.0,kgs,12,,,
2025-05-02,Dumbbell Hammer Curl (Each Side),Biceps,5.0,kgs,12,,,
2025-05-02,Barbell Curl,Biceps,10.0,kgs,15,,,
2025-05-02,Dumbbell Hammer Curl (Each Side),Biceps,5.0,kgs,12,,,
2025-05-02,Barbell Curl,Biceps,10.0,kgs,12,,,
2025-05-03,Machine Row (Each Side),Back,15.0,kgs,11,,,
2025-05-03,Machine Row (Each Side),Back,20.0,kgs,10,,,
2025-05-03,Machine Row (Each Side),Back,25.0,kgs,10,,,
2025-05-03,Machine Row (Each Side),Back,20.0,kgs,10,,,
2025-05-03,Seated Cable Row,Back,20.0,kgs,12,,,
2025-05-03,Seated Cable Row,Back,25.0,kgs,12,,,
2025-05-03,Seated Cable Row,Back,25.0,kgs,12,,,
2025-05-03,Lat Pulldown,Back,30.0,kgs,12,,,
2025-05-03,Lat Pulldown,Back,35.0,kgs,9,,,
2025-05-03,Lat Pulldown,Back,35.0,kgs,8,,,
2025-05-03,Lat Pulldown,Back,30.0,kgs,8,,,
2025-05-03,Barbell Curl,Biceps,10.0,kgs,15,,,
2025-05-03,Barbell Curl,Biceps,10.0,kgs,12,,,
2025-05-03,Dumbbell Preacher Curl (Each Side),Biceps,5.0,kgs,12,,,
2025-05-03,Dumbbell Preacher Curl (Each Side),Biceps,5.0,kgs,12,,,
2025-05-03,Dumbbell Preacher Curl (Each Side),Biceps,5.0,kgs,12,,,
2025-05-03,Dumbbell Hammer Curl (Each Side),Biceps,5.0,kgs,12,,,
2025-05-03,Dumbbell Hammer Curl (Each Side),Biceps,5.0,kgs,12,,,
2025-05-03,Dumbbell Hammer Curl (Each Side),Biceps,5.0,kgs,12,,,
2025-05-04,Leg Extension Machine,Legs,30.0,kgs,12,,,
2025-05-04,Leg Extension Machine,Legs,40.0,kgs,12,,,
2025-05-04,Leg Extension Machine,Legs,45.0,kgs,12,,,
2025-05-04,Leg Extension Machine,Legs,50.0,kgs,11,,,
2025-05-04,Lying Leg Curl Machine,Legs,15.0,kgs,12,,,
2025-05-04,Lying Leg Curl Machine,Legs,25.0,kgs,12,,,
2025-05-04,Lying Leg Curl Machine,Legs,25.0,kgs,12,,,
2025-05-04,Lying Leg Curl Machine,Legs,20.0,kgs,12,,,
2025-05-04,Sumo Deadlift,Legs,20.0,kgs,4,,,
2025-05-04,Sumo Deadlift,Legs,20.0,kgs,6,,,
2025-05-04,Sumo Deadlift,Legs,20.0,kgs,6,,,
2025-05-04,Sumo Deadlift,Legs,20.0,kgs,6,,,
2025-05-04,Standing Calf Raise Machine,Legs,20.0,kgs,15,,,
2025-05-04,Standing Calf Raise Machine,Legs,20.0,kgs,15,,,
2025-05-04,Standing Calf Raise Machine,Legs,15.0,kgs,13,,,
2025-05-05,Flat Barbell Bench Press (Each Side) (Smith Machine),Chest,10.0,kgs,10,,,
2025-05-05,Flat Barbell Bench Press (Each Side) (Smith Machine),Chest,10.0,kgs,10,,,
2025-05-05,Flat Barbell Bench Press (Each Side) (Smith Machine),Chest,10.0,kgs,10,,,
2025-05-05,Flat Dumbbell Fly,Chest,7.5,kgs,10,,,
2025-05-05,Flat Dumbbell Fly,Chest,7.5,kgs,10,,,
2025-05-05,Flat Dumbbell Fly,Chest,7.5,kgs,10,,,
2025-05-05,Incline Dumbbell Bench Press,Chest,8.0,kgs,10,,,
2025-05-05,Incline Dumbbell Bench Press,Chest,8.0,kgs,10,,,
2025-05-05,Incline Dumbbell Bench Press,Chest,12.0,kgs,8,,,
2025-05-06,Seated Cable Row,Back,25.0,kgs,16,,,
2025-05-06,Seated Cable Row,Back,30.0,kgs,8,,,
2025-05-06,Seated Cable Row,Back,35.0,kgs,7,,,
2025-05-06,Machine Row (Each Side),Back,15.0,kgs,10,,,
2025-05-06,Machine Row (Each Side),Back,25.0,kgs,10,,,
2025-05-06,Machine Row (Each Side),Back,30.0,kgs,8,,,
2025-05-06,Lat Pulldown,Back,30.0,kgs,12,,,
2025-05-06,Lat Pulldown,Back,35.0,kgs,6,,,
2025-05-06,Lat Pulldown,Back,40.0,kgs,6,,,
2025-05-07,Seated Incline Dumbbell Curl (Each Side),Biceps,8.0,kgs,8,,,
2025-05-07,Seated Incline Dumbbell Curl (Each Side),Biceps,8.0,kgs,8,,,
2025-05-07,Seated Incline Dumbbell Curl (Each Side),Biceps,8.0,kgs,7,,,
2025-05-07,Rope Push Down,Triceps,10.0,kgs,8,,,
2025-05-07,Rope Push Down,Triceps,10.0,kgs,8,,,
2025-05-07,Rope Push Down,Triceps,10.0,kgs,8,,,
2025-05-07,Straight-Arm Cable Pushdown,Back,5.0,kgs,8,,,
2025-05-07,Straight-Arm Cable Pushdown,Back,5.0,kgs,8,,,
2025-05-07,Straight-Arm Cable Pushdown,Back,5.0,kgs,8,,,
2025-05-07,Overhead Press (Each Side, Dumbbells),Shoulders,10.0,kgs,8,,,
2025-05-07,Overhead Press (Each Side, Dumbbells),Shoulders,8.0,kgs,5,,,
2025-05-07,Overhead Press (Each Side, Dumbbells),Shoulders,10.0,kgs,5,,,
2025-05-07,Overhead Press (Each Side, Dumbbells),Shoulders,8.0,kgs,3,,,
2025-05-07,Overhead Press (Each Side, Dumbbells),Shoulders,10.0,kgs,5,,,
2025-05-07,Overhead Press (Each Side, Dumbbells),Shoulders,8.0,kgs,2,,,
2025-05-07,Cable Lateral Raise (Each Side),Shoulders,2.5,kgs,6,,,
2025-05-07,Cable Lateral Raise (Each Side),Shoulders,2.5,kgs,8,,,
2025-05-07,Cable Lateral Raise (Each Side),Shoulders,2.5,kgs,10,,,
2025-05-07,Cable Lateral Raise (Each Side),Shoulders,2.5,kgs,6,,,
2025-05-07,Cable Lateral Raise (Each Side),Shoulders,2.5,kgs,6,,,
2025-05-07,Smith Machine Overhead Press,Shoulders,20.0,kgs,3,,,
2025-05-07,Smith Machine Overhead Press,Shoulders,15.0,kgs,3,,,
2025-05-07,Smith Machine Overhead Press,Shoulders,15.0,kgs,6,,,
2025-05-07,Smith Machine Overhead Press,Shoulders,15.0,kgs,6,,,
2025-05-07,Dumbbell Hammer Curl (Each Side),Biceps,3.5,kgs,12,,,
2025-05-07,Dumbbell Hammer Curl (Each Side),Biceps,6.0,kgs,14,,,
2025-05-07,Dumbbell Hammer Curl (Each Side),Biceps,6.0,kgs,7,,,
2025-05-07,Dumbbell Hammer Curl (Each Side),Biceps,5.0,kgs,3,,,
2025-05-07,Dumbbell Hammer Curl (Each Side),Biceps,7.5,kgs,6,,,
2025-05-07,Dumbbell Hammer Curl (Each Side),Biceps,5.0,kgs,3,,,
2025-05-07,Cable Overhead Triceps Extension,Triceps,10.0,kgs,10,,,
2025-05-07,Cable Overhead Triceps Extension,Triceps,10.0,kgs,6,,,
2025-05-07,Cable Overhead Triceps Extension,Triceps,10.0,kgs,10,,,
2025-05-07,Cable Overhead Triceps Extension,Triceps,10.0,kgs,10,,,
2025-05-07,Cable Overhead Triceps Extension,Triceps,10.0,kgs,11,,,
2025-05-07,Cable Overhead Triceps Extension,Triceps,10.0,kgs,10,,,
2025-05-08,Leg Extension Machine,Legs,40.0,kgs,12,,,
2025-05-08,Leg Extension Machine,Legs,50.0,kgs,10,,,
2025-05-08,Leg Extension Machine,Legs,60.0,kgs,8,,,
2025-05-08,Leg Extension Machine,Legs,65.0,kgs,8,,,
2025-05-08,Lying Leg Curl Machine,Legs,20.0,kgs,14,,,
2025-05-08,Lying Leg Curl Machine,Legs,25.0,kgs,10,,,
2025-05-08,Lying Leg Curl Machine,Legs,25.0,kgs,6,,,
2025-05-08,Seated Calf Raise Machine (Each Side),Legs,5.0,kgs,14,,,
2025-05-08,Seated Calf Raise Machine (Each Side),Legs,10.0,kgs,6,,,
2025-05-08,Seated Calf Raise Machine (Each Side),Legs,10.0,kgs,8,,,
2025-05-08,Standing Calf Raise Machine,Legs,15.0,kgs,15,,,
2025-05-08,Standing Calf Raise Machine,Legs,20.0,kgs,11,,,
2025-05-08,Standing Calf Raise Machine,Legs,30.0,kgs,7,,,
2025-05-09,Incline Barbell Bench Press Smith Machine (Each Side) (Smith Machine),Chest,10.0,kgs,6,,,
2025-05-09,Incline Barbell Bench Press Smith Machine (Each Side) (Smith Machine),Chest,10.0,kgs,6,,,
2025-05-09,Flat Barbell Bench Press (Each Side) (Smith Machine),Chest,15.0,kgs,6,,,
2025-05-09,Flat Barbell Bench Press (Each Side) (Smith Machine),Chest,10.0,kgs,14,,,
2025-05-09,Flat Barbell Bench Press (Each Side) (Smith Machine),Chest,12.5,kgs,8,,,
2025-05-09,Flat Barbell Bench Press (Each Side) (Smith Machine),Chest,12.5,kgs,8,,,
2025-05-09,Incline Hammer Strength Chest Press,Chest,10.0,kgs,8,,,
2025-05-09,Incline Hammer Strength Chest Press,Chest,15.0,kgs,7,,,
2025-05-09,Incline Hammer Strength Chest Press,Chest,15.0,kgs,5,,,
2025-05-09,Seated Machine Fly,Chest,30.0,kgs,14,,,
2025-05-09,Seated Machine Fly,Chest,40.0,kgs,3,,,
2025-05-09,Seated Machine Fly,Chest,35.0,kgs,3,,,
2025-05-09,Seated Machine Fly,Chest,25.0,kgs,3,,,
2025-05-09,Seated Machine Fly,Chest,35.0,kgs,6,,,
2025-05-09,Dumbbell Preacher Curl (Each Side),Biceps,8.0,kgs,10,,,
2025-05-09,Dumbbell Preacher Curl (Each Side),Biceps,8.0,kgs,8,,,
2025-05-09,Dumbbell Preacher Curl (Each Side),Biceps,8.0,kgs,6,,,
2025-05-09,Dumbbell Preacher Curl (Each Side),Biceps,5.0,kgs,4,,,
2025-05-09,Overhead Press (Each Side, Dumbbells),Shoulders,8.0,kgs,8,,,
2025-05-09,Dumbbell Hammer Curl (Each Side),Biceps,3.75,kgs,14,,,
2025-05-09,Dumbbell Hammer Curl (Each Side),Biceps,5.0,kgs,11,,,
2025-05-09,Dumbbell Hammer Curl (Each Side),Biceps,6.0,kgs,9,,,
2025-05-09,Dumbbell Hammer Curl (Each Side),Biceps,7.5,kgs,5,,,
2025-05-09,Dumbbell Hammer Curl (Each Side),Biceps,5.0,kgs,3,,,
2025-05-09,Cable Lateral Raise (Each Side),Shoulders,1.25,kgs,12,,,
2025-05-09,Cable Lateral Raise (Each Side),Shoulders,2.5,kgs,10,,,
2025-05-09,Cable Lateral Raise (Each Side),Shoulders,2.5,kgs,6,,,
2025-05-09,Cable Lateral Raise (Each Side),Shoulders,1.25,kgs,4,,,
2025-05-10,Seated Cable Row,Back,15.0,kgs,15,,,
2025-05-10,Seated Cable Row,Back,25.0,kgs,15,,,
2025-05-10,Seated Cable Row,Back,35.0,kgs,10,,,
2025-05-10,Seated Cable Row,Back,40.0,kgs,5,,,
2025-05-10,Seated Cable Row,Back,30.0,kgs,3,,,
2025-05-10,Lat Pulldown,Back,25.0,kgs,12,,,
2025-05-10,Lat Pulldown,Back,35.0,kgs,12,,,
2025-05-10,Lat Pulldown,Back,40.0,kgs,8,,,
2025-05-10,Lat Pulldown,Back,35.0,kgs,7,,,
2025-05-10,Machine Row (Each Side),Back,20.0,kgs,10,,,
2025-05-10,Machine Row (Each Side),Back,30.0,kgs,8,,,
2025-05-10,Machine Row (Each Side),Back,20.0,kgs,14,,,
2025-05-10,Rope Push Down,Triceps,5.0,kgs,12,,,
2025-05-10,Rope Push Down,Triceps,7.5,kgs,12,,,
2025-05-10,Rope Push Down,Triceps,10.0,kgs,10,,,
2025-05-10,Cable Overhead Triceps Extension,Triceps,10.0,kgs,8,,,
2025-05-10,Cable Overhead Triceps Extension,Triceps,10.0,kgs,8,,,
2025-05-10,Cable Overhead Triceps Extension,Triceps,10.0,kgs,8,,,
2025-05-10,Cable Overhead Triceps Extension,Triceps,10.0,kgs,8,,,
2025-05-10,V-Bar Push Down,Triceps,10.0,kgs,8,,,
2025-05-10,V-Bar Push Down,Triceps,12.5,kgs,6,,,
2025-05-13,Overhead Press (Each Side, Dumbbells),Shoulders,8.0,kgs,12,,,
2025-05-13,Overhead Press (Each Side, Dumbbells),Shoulders,10.0,kgs,5,,,
2025-05-13,Overhead Press (Each Side, Dumbbells),Shoulders,12.0,kgs,6,,,
2025-05-13,Overhead Press (Each Side, Dumbbells),Shoulders,12.0,kgs,5,,,
2025-05-13,Overhead Press (Each Side, Dumbbells),Shoulders,10.0,kgs,8,,,
2025-05-13,Flat Barbell Bench Press (Each Side) (Smith Machine),Chest,5.0,kgs,8,,,
2025-05-13,Flat Barbell Bench Press (Each Side) (Smith Machine),Chest,5.0,kgs,8,,,
2025-05-13,Flat Barbell Bench Press (Each Side) (Smith Machine),Chest,15.0,kgs,8,,,
2025-05-13,Flat Barbell Bench Press (Each Side) (Smith Machine),Chest,20.0,kgs,1,,,
2025-05-13,Flat Barbell Bench Press (Each Side) (Smith Machine),Chest,17.5,kgs,4,,,
2025-05-13,Flat Barbell Bench Press (Each Side) (Smith Machine),Chest,15.0,kgs,6,,,
2025-05-13,Flat Barbell Bench Press (Each Side) (Smith Machine),Chest,15.0,kgs,4,,,
2025-05-13,Seated Machine Fly,Chest,40.0,kgs,8,,,
2025-05-13,Seated Machine Fly,Chest,30.0,kgs,6,,,
2025-05-13,Seated Machine Fly,Chest,40.0,kgs,6,,,
2025-05-13,Seated Machine Fly,Chest,35.0,kgs,6,,,
2025-05-13,Lat Pulldown,Back,35.0,kgs,6,,,
2025-05-13,Lat Pulldown,Back,40.0,kgs,9,,,
2025-05-13,Lat Pulldown,Back,50.0,kgs,6,,,
2025-05-13,Lat Pulldown,Back,45.0,kgs,6,,,
2025-05-13,Seated Cable Row,Back,30.0,kgs,7,,,
2025-05-13,Seated Cable Row,Back,30.0,kgs,3,,,
2025-05-13,Seated Cable Row,Back,40.0,kgs,3,,,
2025-05-13,Dumbbell Preacher Curl (Each Side),Biceps,8.0,kgs,8,,,
2025-05-13,Dumbbell Preacher Curl (Each Side),Biceps,8.0,kgs,8,,,
2025-05-13,Dumbbell Preacher Curl (Each Side),Biceps,8.0,kgs,8,,,
2025-05-13,V-Bar Push Down,Triceps,10.0,kgs,12,,,
2025-05-13,V-Bar Push Down,Triceps,10.0,kgs,15,,,
2025-05-13,V-Bar Push Down,Triceps,10.0,kgs,13,,,
2025-05-13,Cable Overhead Triceps Extension,Triceps,10.0,kgs,7,,,
2025-05-13,Cable Overhead Triceps Extension,Triceps,10.0,kgs,7,,,
2025-05-13,Cable Overhead Triceps Extension,Triceps,10.0,kgs,9,,,
2025-05-15,Lying Leg Curl Machine,Legs,10.0,kgs,12,,,
2025-05-15,Lying Leg Curl Machine,Legs,25.0,kgs,16,,,
2025-05-15,Lying Leg Curl Machine,Legs,32.0,kgs,6,,,
2025-05-15,Lying Leg Curl Machine,Legs,20.0,kgs,4,,,
2025-05-15,Lying Leg Curl Machine,Legs,20.0,kgs,6,,,
2025-05-15,Seated Calf Raise Machine (Each Side),Legs,5.0,kgs,12,,,
2025-05-15,Seated Calf Raise Machine (Each Side),Legs,7.5,kgs,12,,,
2025-05-15,Seated Calf Raise Machine (Each Side),Legs,10.0,kgs,12,,,
2025-05-15,Seated Calf Raise Machine (Each Side),Legs,10.0,kgs,8,,,
2025-05-15,Seated Calf Raise Machine (Each Side),Legs,10.0,kgs,6,,,
2025-05-15,Standing Calf Raise Machine,Legs,20.0,kgs,15,,,
2025-05-15,Standing Calf Raise Machine,Legs,30.0,kgs,12,,,
2025-05-15,Standing Calf Raise Machine,Legs,30.0,kgs,10,,,
2025-05-15,Sumo Deadlift,Legs,10.0,kgs,6,,,
2025-05-15,Sumo Deadlift,Legs,10.0,kgs,8,,,
2025-05-15,Sumo Deadlift,Legs,10.0,kgs,10,,,
2025-05-16,Incline Barbell Bench Press Smith Machine (Each Side) (Smith Machine),Chest,5.0,kgs,15,,,
2025-05-16,Incline Barbell Bench Press Smith Machine (Each Side) (Smith Machine),Chest,10.0,kgs,12,,,
2025-05-16,Incline Barbell Bench Press Smith Machine (Each Side) (Smith Machine),Chest,15.0,kgs,5,,,
2025-05-16,Incline Barbell Bench Press Smith Machine (Each Side) (Smith Machine),Chest,10.0,kgs,4,,,
2025-05-16,Incline Barbell Bench Press Smith Machine (Each Side) (Smith Machine),Chest,12.5,kgs,9,,,
2025-05-16,Cable Lateral Raise (Each Side),Shoulders,2.5,kgs,12,,,
2025-05-16,Cable Lateral Raise (Each Side),Shoulders,2.5,kgs,7,,,
2025-05-16,Cable Lateral Raise (Each Side),Shoulders,2.5,kgs,7,,,
2025-05-16,Chest Press Machine,Chest,35.0,kgs,12,,,
2025-05-16,Chest Press Machine,Chest,40.0,kgs,10,,,
2025-05-16,Chest Press Machine,Chest,45.0,kgs,5,,,
2025-05-16,Triceps Pushdown,Triceps,7.5,kgs,12,,,
2025-05-16,Triceps Pushdown,Triceps,10.0,kgs,9,,,
2025-05-16,Triceps Pushdown,Triceps,12.0,kgs,6,,,
2025-05-16,Cable Overhead Triceps Extension,Triceps,10.0,kgs,12,,,
2025-05-16,Cable Overhead Triceps Extension,Triceps,15.0,kgs,6,,,
2025-05-16,Cable Overhead Triceps Extension,Triceps,10.0,kgs,12,,,
2025-05-16,Cable Overhead Triceps Extension,Triceps,10.0,kgs,8,,,
2025-05-16,V-Bar Push Down,Triceps,15.0,kgs,6,,,
2025-05-16,Seated Machine Fly,Chest,30.0,kgs,12,,,
2025-05-16,Seated Machine Fly,Chest,40.0,kgs,9,,,
2025-05-16,Seated Machine Fly,Chest,40.0,kgs,6,,,
2025-05-17,Seated Cable Row,Back,20.0,kgs,12,,,
2025-05-17,Seated Cable Row,Back,35.0,kgs,11,,,
2025-05-17,Seated Cable Row,Back,35.0,kgs,6,,,
2025-05-17,Dumbbell Curl (Each Side),Biceps,8.0,kgs,12,,,
2025-05-17,Dumbbell Curl (Each Side),Biceps,10.0,kgs,8,,,
2025-05-17,Dumbbell Curl (Each Side),Biceps,10.0,kgs,8,,,
2025-05-17,Dumbbell Hammer Curl (Each Side),Biceps,3.75,kgs,15,,,
2025-05-17,Dumbbell Hammer Curl (Each Side),Biceps,5.0,kgs,10,,,
2025-05-17,Dumbbell Hammer Curl (Each Side),Biceps,6.0,kgs,10,,,
2025-05-17,Lat Pulldown,Back,30.0,kgs,12,,,
2025-05-17,Lat Pulldown,Back,50.0,kgs,3,,,
2025-05-17,Lat Pulldown,Back,40.0,kgs,4,,,
2025-05-17,Lat Pulldown,Back,35.0,kgs,8,,,
2025-05-17,Machine Row (Each Side),Back,15.0,kgs,12,,,
2025-05-17,Machine Row (Each Side),Back,30.0,kgs,11,,,
2025-05-17,Machine Row (Each Side),Back,35.0,kgs,6,,,
2025-05-17,Machine Overhead Press,Shoulders,15.0,kgs,12,,,
2025-05-17,Machine Overhead Press,Shoulders,35.0,kgs,10,,,
2025-05-17,Machine Overhead Press,Shoulders,40.0,kgs,4,,,
2025-05-17,Machine Overhead Press,Shoulders,35.0,kgs,6,,,
2025-05-20,Flat Barbell Bench Press (Each Side) (Smith Machine),Chest,5.0,kgs,12,,,
2025-05-20,Flat Barbell Bench Press (Each Side) (Smith Machine),Chest,10.0,kgs,18,,,
2025-05-20,Flat Barbell Bench Press (Each Side) (Smith Machine),Chest,17.5,kgs,4,,,
2025-05-20,Flat Barbell Bench Press (Each Side) (Smith Machine),Chest,15.0,kgs,5,,,
2025-05-20,Flat Barbell Bench Press (Each Side) (Smith Machine),Chest,15.0,kgs,8,,,
2025-05-20,Flat Barbell Bench Press (Each Side) (Smith Machine),Chest,15.0,kgs,4,,,
2025-05-20,Flat Barbell Bench Press (Each Side) (Smith Machine),Chest,10.0,kgs,5,,,
2025-05-20,Seated Machine Fly,Chest,25.0,kgs,12,,,
2025-05-20,Seated Machine Fly,Chest,40.0,kgs,7,,,
2025-05-20,Seated Machine Fly,Chest,40.0,kgs,9,,,
2025-05-20,Dumbbell Preacher Curl (Each Side),Biceps,8.0,kgs,10,,,
2025-05-20,Dumbbell Preacher Curl (Each Side),Biceps,8.0,kgs,8,,,
2025-05-20,Dumbbell Preacher Curl (Each Side),Biceps,8.0,kgs,7,,,
2025-05-20,Dumbbell Hammer Curl (Each Side),Biceps,3.75,kgs,15,,,
2025-05-20,Dumbbell Hammer Curl (Each Side),Biceps,6.0,kgs,8,,,
2025-05-20,Dumbbell Hammer Curl (Each Side),Biceps,6.0,kgs,10,,,
2025-05-20,Overhead Press (Each Side, Dumbbells),Shoulders,8.0,kgs,10,,,
2025-05-20,Overhead Press (Each Side, Dumbbells),Shoulders,8.0,kgs,8,,,
2025-05-20,Overhead Press (Each Side, Dumbbells),Shoulders,10.0,kgs,5,,,
2025-05-20,Dumbbell Curl (Each Side),Biceps,8.0,kgs,6,,,
2025-05-20,Dumbbell Curl (Each Side),Biceps,8.0,kgs,4,,,
2025-05-20,Dumbbell Curl (Each Side),Biceps,8.0,kgs,3,,,
2025-05-20,Lat Pulldown,Back,30.0,kgs,12,,,
2025-05-20,Lat Pulldown,Back,40.0,kgs,7,,,
2025-05-20,Lat Pulldown,Back,50.0,kgs,3,,,
2025-05-20,Lat Pulldown,Back,40.0,kgs,5,,,
2025-05-20,Seated Cable Row,Back,30.0,kgs,8,,,
2025-05-20,Seated Cable Row,Back,30.0,kgs,6,,,
2025-05-20,Seated Cable Row,Back,30.0,kgs,4,,,
2025-05-20,Triceps Pushdown,Triceps,10.0,kgs,12,,,
2025-05-20,Triceps Pushdown,Triceps,15.0,kgs,6,,,
2025-05-20,Triceps Pushdown,Triceps,15.0,kgs,6,,,
2025-05-21,Squat Machine (Each Side),Legs,20.0,kgs,12,,,
2025-05-21,Squat Machine (Each Side),Legs,40.0,kgs,8,,,
2025-05-21,Squat Machine (Each Side),Legs,45.0,kgs,8,,,
2025-05-21,Squat Machine (Each Side),Legs,50.0,kgs,6,,,
2025-05-21,Squat Machine (Each Side),Legs,55.0,kgs,4,,,
2025-05-21,Seated Calf Raise Machine (Each Side),Legs,5.0,kgs,15,,,
2025-05-21,Seated Calf Raise Machine (Each Side),Legs,10.0,kgs,15,,,
2025-05-21,Seated Calf Raise Machine (Each Side),Legs,15.0,kgs,6,,,
2025-05-21,Lying Leg Curl Machine,Legs,15.0,kgs,12,,,
2025-05-21,Lying Leg Curl Machine,Legs,25.0,kgs,10,,,
2025-05-21,Lying Leg Curl Machine,Legs,20.0,kgs,12,,,
2025-05-21,Standing Calf Raise Machine,Legs,20.0,kgs,15,,,
2025-05-21,Standing Calf Raise Machine,Legs,30.0,kgs,13,,,
2025-05-21,Standing Calf Raise Machine,Legs,35.0,kgs,8,,,
2025-05-23,Lat Pulldown,Back,30.0,kgs,15,,,
2025-05-23,Lat Pulldown,Back,40.0,kgs,10,,,
2025-05-23,Lat Pulldown,Back,50.0,kgs,7,,,
2025-05-23,Lat Pulldown,Back,50.0,kgs,5,,,
2025-05-23,Lat Pulldown,Back,30.0,kgs,5,,,
2025-05-23,Lat Pulldown,Back,50.0,kgs,3,,,
2025-05-23,Lat Pulldown,Back,35.0,kgs,3,,,
2025-05-23,Single Arm Cable Row,Back,10.0,kgs,15,,,
2025-05-23,Single Arm Cable Row,Back,15.0,kgs,6,,,
2025-05-23,Seated Cable Row,Back,30.0,kgs,10,,,
2025-05-23,Seated Cable Row,Back,35.0,kgs,5,,,
2025-05-23,Machine Row (Each Side),Back,25.0,kgs,6,,,
2025-05-23,Seated Machine Fly,Chest,30.0,kgs,18,,,
2025-05-23,Seated Machine Fly,Chest,40.0,kgs,10,,,
2025-05-23,Seated Machine Fly,Chest,45.0,kgs,3,,,
2025-05-23,Flat Barbell Bench Press (Each Side) (Smith Machine),Chest,10.0,kgs,12,,,
2025-05-23,Flat Barbell Bench Press (Each Side) (Smith Machine),Chest,15.0,kgs,7,,,
2025-05-23,Flat Barbell Bench Press (Each Side) (Smith Machine),Chest,17.5,kgs,6,,,
2025-05-23,Seated Machine Fly,Chest,40.0,kgs,10,,,
2025-05-23,Flat Barbell Bench Press (Each Side) (Smith Machine),Chest,15.0,kgs,8,,,
2025-05-23,Incline Barbell Bench Press Smith Machine (Each Side) (Smith Machine),Chest,10.0,kgs,8,,,
2025-05-23,Incline Barbell Bench Press Smith Machine (Each Side) (Smith Machine),Chest,12.5,kgs,5,,,
2025-05-23,Incline Barbell Bench Press Smith Machine (Each Side) (Smith Machine),Chest,12.5,kgs,2,,,
2025-05-23,Incline Barbell Bench Press Smith Machine (Each Side) (Smith Machine),Chest,10.0,kgs,3,,,
2025-05-24,Dumbbell Curl (Each Side),Biceps,8.0,kgs,17,,,
2025-05-24,Dumbbell Curl (Each Side),Biceps,10.0,kgs,8,,,
2025-05-24,Dumbbell Curl (Each Side),Biceps,10.0,kgs,6,,,
2025-05-24,Overhead Press (Each Side, Dumbbells),Shoulders,8.0,kgs,12,,,
2025-05-24,Dumbbell Curl (Each Side),Biceps,10.0,kgs,9,,,
2025-05-24,Overhead Press (Each Side, Dumbbells),Shoulders,10.0,kgs,6,,,
2025-05-24,Overhead Press (Each Side, Dumbbells),Shoulders,12.0,kgs,6,,,
2025-05-24,Overhead Press (Each Side, Dumbbells),Shoulders,10.0,kgs,4,,,
2025-05-24,Cable Lateral Raise (Each Side),Shoulders,1.25,kgs,12,,,
2025-05-24,Cable Lateral Raise (Each Side),Shoulders,2.5,kgs,10,,,
2025-05-24,Cable Lateral Raise (Each Side),Shoulders,2.5,kgs,10,,,
2025-05-24,Cable Lateral Raise (Each Side),Shoulders,2.5,kgs,8,,,
2025-05-24,Cable Overhead Triceps Extension,Triceps,10.0,kgs,12,,,
2025-05-24,Cable Overhead Triceps Extension,Triceps,15.0,kgs,6,,,
2025-05-24,Cable Overhead Triceps Extension,Triceps,15.0,kgs,7,,,
2025-05-24,Cable Overhead Triceps Extension,Triceps,15.0,kgs,5,,,
2025-05-24,Rope Push Down,Triceps,10.0,kgs,10,,,
2025-05-24,Rope Push Down,Triceps,10.0,kgs,5,,,
2025-05-24,Rope Push Down,Triceps,10.0,kgs,10,,,
2025-05-24,Rope Push Down,Triceps,10.0,kgs,5,,,
2025-05-24,Triceps Pushdown,Triceps,10.0,kgs,14,,,
2025-05-24,Triceps Pushdown,Triceps,10.0,kgs,11,,,
2025-05-24,Triceps Pushdown,Triceps,10.0,kgs,6,,,
2025-05-24,Dumbbell Preacher Curl (Each Side),Biceps,8.0,kgs,9,,,
2025-05-24,Dumbbell Preacher Curl (Each Side),Biceps,8.0,kgs,6,,,
2025-05-24,Dumbbell Preacher Curl (Each Side),Biceps,8.0,kgs,5,,,
2025-05-24,Dumbbell Preacher Curl (Each Side),Biceps,6.0,kgs,4,,,
2025-05-24,Dumbbell Preacher Curl (Each Side),Biceps,8.0,kgs,3,,,
2025-05-24,Dumbbell Preacher Curl (Each Side),Biceps,6.0,kgs,3,,,
2025-05-24,Dumbbell Hammer Curl (Each Side),Biceps,8.0,kgs,7,,,
2025-05-24,Dumbbell Hammer Curl (Each Side),Biceps,8.0,kgs,6,,,
2025-05-27,Single Arm Cable Row,Back,10.0,kgs,15,,,
2025-05-27,Single Arm Cable Row,Back,15.0,kgs,9,,,
2025-05-27,Single Arm Cable Row,Back,15.0,kgs,6,,,
2025-05-27,Single Arm Cable Row,Back,20.0,kgs,3,,,
2025-05-27,Single Arm Cable Row,Back,15.0,kgs,4,,,
2025-05-27,Lat Pulldown,Back,30.0,kgs,15,,,
2025-05-27,Lat Pulldown,Back,40.0,kgs,8,,,
2025-05-27,Lat Pulldown,Back,50.0,kgs,6,,,
2025-05-27,Lat Pulldown,Back,45.0,kgs,4,,,
2025-05-27,Machine Row (Each Side),Back,20.0,kgs,8,,,
2025-05-27,Machine Row (Each Side),Back,30.0,kgs,6,,,
2025-05-27,Flat Barbell Bench Press (Each Side) (Smith Machine),Chest,5.0,kgs,15,,,
2025-05-27,Flat Barbell Bench Press (Each Side) (Smith Machine),Chest,10.0,kgs,12,,,
2025-05-27,Flat Barbell Bench Press (Each Side) (Smith Machine),Chest,15.0,kgs,10,,,
2025-05-27,Flat Barbell Bench Press (Each Side) (Smith Machine),Chest,17.5,kgs,10,,,
2025-05-27,Seated Machine Fly,Chest,30.0,kgs,12,,,
2025-05-27,Seated Machine Fly,Chest,40.0,kgs,4,,,
2025-05-27,Seated Machine Fly,Chest,40.0,kgs,10,,,
2025-05-27,Seated Machine Fly,Chest,45.0,kgs,6,,,
2025-05-27,Seated Machine Fly,Chest,35.0,kgs,3,,,
2025-05-27,Seated Machine Fly,Chest,25.0,kgs,5,,,
2025-05-27,Overhead Press (Each Side, Dumbbells),Shoulders,8.0,kgs,12,,,
2025-05-27,Overhead Press (Each Side, Dumbbells),Shoulders,10.0,kgs,9,,,
2025-05-27,Overhead Press (Each Side, Dumbbells),Shoulders,12.0,kgs,6,,,
2025-05-27,Overhead Press (Each Side, Dumbbells),Shoulders,10.0,kgs,4,,,
2025-05-27,Dumbbell Hammer Curl (Each Side),Biceps,8.0,kgs,15,,,
2025-05-27,Dumbbell Hammer Curl (Each Side),Biceps,10.0,kgs,6,,,
2025-05-27,Dumbbell Hammer Curl (Each Side),Biceps,12.0,kgs,3,,,
2025-05-27,Dumbbell Hammer Curl (Each Side),Biceps,10.0,kgs,3,,,
2025-05-27,Dumbbell Hammer Curl (Each Side),Biceps,8.0,kgs,3,,,
2025-05-27,Cable Overhead Triceps Extension,Triceps,10.0,kgs,12,,,
2025-05-27,Cable Overhead Triceps Extension,Triceps,15.0,kgs,8,,,
2025-05-27,Cable Overhead Triceps Extension,Triceps,15.0,kgs,9,,,
2025-05-27,Cable Overhead Triceps Extension,Triceps,10.0,kgs,6,,,
2025-05-29,Leg Extension Machine,Legs,30.0,kgs,12,,,
2025-05-29,Leg Extension Machine,Legs,60.0,kgs,8,,,
2025-05-29,Leg Extension Machine,Legs,70.0,kgs,4,,,
2025-05-29,Leg Extension Machine,Legs,50.0,kgs,3,,,
2025-05-29,Squat Machine (Each Side),Legs,35.0,kgs,12,,,
2025-05-29,Squat Machine (Each Side),Legs,50.0,kgs,8,,,
2025-05-29,Squat Machine (Each Side),Legs,55.0,kgs,5,,,
2025-05-29,Squat Machine (Each Side),Legs,55.0,kgs,7,,,
2025-05-29,Lying Leg Curl Machine,Legs,15.0,kgs,15,,,
2025-05-29,Lying Leg Curl Machine,Legs,20.0,kgs,10,,,
2025-05-29,Lying Leg Curl Machine,Legs,25.0,kgs,6,,,
2025-05-29,Lying Leg Curl Machine,Legs,15.0,kgs,3,,,
2025-05-29,Standing Calf Raise Machine,Legs,20.0,kgs,15,,,
2025-05-29,Standing Calf Raise Machine,Legs,30.0,kgs,11,,,
2025-05-29,Standing Calf Raise Machine,Legs,35.0,kgs,9,,,
2025-05-29,Standing Calf Raise Machine,Legs,25.0,kgs,5,,,
2025-05-29,Seated Calf Raise Machine (Each Side),Legs,5.0,kgs,15,,,
2025-05-29,Seated Calf Raise Machine (Each Side),Legs,10.0,kgs,8,,,
2025-05-29,Seated Calf Raise Machine (Each Side),Legs,10.0,kgs,8,,,
2025-05-29,Seated Calf Raise Machine (Each Side),Legs,5.0,kgs,5,,,
2025-05-30,Seated Machine Fly,Chest,20.0,kgs,15,,,
2025-05-30,Seated Machine Fly,Chest,35.0,kgs,10,,,
2025-05-30,Seated Machine Fly,Chest,40.0,kgs,6,,,
2025-05-30,Seated Machine Fly,Chest,40.0,kgs,5,,,
2025-05-30,Seated Machine Fly,Chest,30.0,kgs,4,,,
2025-05-30,Incline Barbell Bench Press Smith Machine (Each Side) (Smith Machine),Chest,2.5,kgs,15,,,
2025-05-30,Incline Barbell Bench Press Smith Machine (Each Side) (Smith Machine),Chest,7.5,kgs,12,,,
2025-05-30,Incline Barbell Bench Press Smith Machine (Each Side) (Smith Machine),Chest,12.5,kgs,11,,,
2025-05-30,Incline Barbell Bench Press Smith Machine (Each Side) (Smith Machine),Chest,15.0,kgs,5,,,
2025-05-30,Incline Barbell Bench Press Smith Machine (Each Side) (Smith Machine),Chest,12.5,kgs,5,,,
2025-05-30,Flat Barbell Bench Press (Each Side) (Smith Machine),Chest,12.5,kgs,8,,,
2025-05-30,Cable Lateral Raise (Each Side),Shoulders,2.5,kgs,8,,,
2025-05-30,Cable Lateral Raise (Each Side),Shoulders,2.5,kgs,8,,,
2025-05-30,Cable Lateral Raise (Each Side),Shoulders,1.25,kgs,4,,,
2025-05-30,Cable Lateral Raise (Each Side),Shoulders,2.5,kgs,7,,,
2025-05-30,Cable Lateral Raise (Each Side),Shoulders,1.25,kgs,3,,,
2025-05-30,Overhead Press (Each Side, Dumbbells),Shoulders,10.0,kgs,4,,,
2025-05-30,Overhead Press (Each Side, Dumbbells),Shoulders,8.0,kgs,6,,,
2025-05-30,Overhead Press (Each Side, Dumbbells),Shoulders,8.0,kgs,9,,,
2025-05-30,Overhead Press (Each Side, Dumbbells),Shoulders,8.0,kgs,6,,,
2025-05-30,Cable Overhead Triceps Extension,Triceps,10.0,kgs,12,,,
2025-05-30,Cable Overhead Triceps Extension,Triceps,15.0,kgs,5,,,
2025-05-30,Cable Overhead Triceps Extension,Triceps,15.0,kgs,4,,,
2025-05-30,Cable Overhead Triceps Extension,Triceps,15.0,kgs,6,,,
2025-05-30,Triceps Pushdown,Triceps,10.0,kgs,9,,,
2025-05-30,Triceps Pushdown,Triceps,15.0,kgs,6,,,
2025-05-30,Triceps Pushdown,Triceps,15.0,kgs,6,,,
2025-05-31,Lat Pulldown,Back,35.0,kgs,12,,,
2025-05-31,Lat Pulldown,Back,40.0,kgs,8,,,
2025-05-31,Lat Pulldown,Back,45.0,kgs,5,,,
2025-05-31,Lat Pulldown,Back,50.0,kgs,4,,,
2025-05-31,Lat Pulldown,Back,35.0,kgs,4,,,
2025-05-31,Single Arm Cable Row,Back,10.0,kgs,10,,,
2025-05-31,Single Arm Cable Row,Back,15.0,kgs,6,,,
2025-05-31,Single Arm Cable Row,Back,15.0,kgs,6,,,
2025-05-31,Dumbbell Curl (Each Side),Biceps,8.0,kgs,18,,,
2025-05-31,Dumbbell Curl (Each Side),Biceps,10.0,kgs,6,,,
2025-05-31,Dumbbell Curl (Each Side),Biceps,10.0,kgs,8,,,
2025-05-31,Dumbbell Curl (Each Side),Biceps,10.0,kgs,8,,,
2025-05-31,Seated Cable Row,Back,20.0,kgs,12,,,
2025-05-31,Seated Cable Row,Back,30.0,kgs,8,,,
2025-05-31,Seated Cable Row,Back,35.0,kgs,4,,,
2025-05-31,Dumbbell Hammer Curl (Each Side),Biceps,3.75,kgs,6,,,
2025-05-31,Dumbbell Hammer Curl (Each Side),Biceps,6.0,kgs,8,,,
2025-05-31,Dumbbell Hammer Curl (Each Side),Biceps,5.0,kgs,6,,,
2025-06-03,Flat Barbell Bench Press (Each Side) (Smith Machine),Chest,5.0,kgs,15,,,
2025-06-03,Flat Barbell Bench Press (Each Side) (Smith Machine),Chest,10.0,kgs,16,,,
2025-06-03,Flat Barbell Bench Press (Each Side) (Smith Machine),Chest,15.0,kgs,8,,,
2025-06-03,Flat Barbell Bench Press (Each Side) (Smith Machine),Chest,17.5,kgs,4,,,
2025-06-03,Incline Chest Press (Each Side),Chest,10.0,kgs,15,,,
2025-06-03,Incline Chest Press (Each Side),Chest,15.0,kgs,6,,,
2025-06-03,Incline Chest Press (Each Side),Chest,15.0,kgs,4,,,
2025-06-03,Seated Machine Fly,Chest,30.0,kgs,15,,,
2025-06-03,Seated Machine Fly,Chest,40.0,kgs,7,,,
2025-06-03,Seated Machine Fly,Chest,40.0,kgs,7,,,
2025-06-03,Dumbbell Curl (Each Side),Biceps,10.0,kgs,8,,,
2025-06-03,Dumbbell Curl (Each Side),Biceps,10.0,kgs,6,,,
2025-06-03,Dumbbell Curl (Each Side),Biceps,10.0,kgs,10,,,
2025-06-03,Dumbbell Hammer Curl (Each Side),Biceps,6.0,kgs,15,,,
2025-06-03,Dumbbell Hammer Curl (Each Side),Biceps,8.0,kgs,10,,,
2025-06-03,Dumbbell Hammer Curl (Each Side),Biceps,8.0,kgs,12,,,
2025-06-03,Dumbbell Hammer Curl (Each Side),Biceps,8.0,kgs,16,,,
2025-06-03,Overhead Press (Each Side, Dumbbells),Shoulders,8.0,kgs,6,,,
2025-06-03,Overhead Press (Each Side, Dumbbells),Shoulders,10.0,kgs,6,,,
2025-06-03,Overhead Press (Each Side, Dumbbells),Shoulders,10.0,kgs,7,,,
2025-06-03,Overhead Press (Each Side, Dumbbells),Shoulders,8.0,kgs,3,,,
2025-06-03,Cable Overhead Triceps Extension,Triceps,10.0,kgs,12,,,
2025-06-03,Cable Overhead Triceps Extension,Triceps,15.0,kgs,6,,,
2025-06-03,Cable Overhead Triceps Extension,Triceps,15.0,kgs,7,,,
2025-06-03,Rope Push Down,Triceps,10.0,kgs,12,,,
2025-06-03,Rope Push Down,Triceps,10.0,kgs,6,,,
2025-06-03,Single Arm Cable Row,Back,10.0,kgs,12,,,
2025-06-03,Single Arm Cable Row,Back,15.0,kgs,6,,,
2025-06-03,Seated Cable Row,Back,20.0,kgs,15,,,
2025-06-03,Seated Cable Row,Back,25.0,kgs,10,,,
2025-06-03,Seated Cable Row,Back,30.0,kgs,10,,,
2025-06-03,Seated Cable Row,Back,35.0,kgs,6,,,
2025-06-03,Lat Pulldown,Back,30.0,kgs,12,,,
2025-06-03,Lat Pulldown,Back,40.0,kgs,6,,,
2025-06-03,Lat Pulldown,Back,35.0,kgs,6,,,
2025-06-06,Flat Barbell Bench Press (Each Side) (Smith Machine),Chest,5.0,kgs,12,,,
2025-06-06,Flat Barbell Bench Press (Each Side) (Smith Machine),Chest,10.0,kgs,12,,,
2025-06-06,Flat Barbell Bench Press (Each Side) (Smith Machine),Chest,15.0,kgs,7,,,
2025-06-06,Flat Barbell Bench Press (Each Side) (Smith Machine),Chest,17.5,kgs,5,,,
2025-06-06,Decline Hammer Strength Chest Press(Each Side),Chest,20.0,kgs,10,,,
2025-06-06,Decline Hammer Strength Chest Press(Each Side),Chest,30.0,kgs,8,,,
2025-06-06,Decline Hammer Strength Chest Press(Each Side),Chest,40.0,kgs,5,,,
2025-06-06,Incline Barbell Bench Press Smith Machine (Each Side) (Smith Machine),Chest,7.5,kgs,12,,,
2025-06-06,Incline Barbell Bench Press Smith Machine (Each Side) (Smith Machine),Chest,10.0,kgs,8,,,
2025-06-06,Incline Barbell Bench Press Smith Machine (Each Side) (Smith Machine),Chest,12.5,kgs,4,,,
2025-06-06,Dumbbell Curl (Each Side),Biceps,8.0,kgs,11,,,
2025-06-06,Dumbbell Curl (Each Side),Biceps,8.0,kgs,10,,,
2025-06-06,Dumbbell Curl (Each Side),Biceps,10.0,kgs,10,,,
2025-06-11,Single Arm Cable Row,Back,10.0,kgs,15,,,
2025-06-11,Single Arm Cable Row,Back,15.0,kgs,8,,,
2025-06-11,Single Arm Cable Row,Back,20.0,kgs,4,,,
2025-06-11,Single Arm Cable Row,Back,10.0,kgs,8,,,
2025-06-11,Lat Pulldown,Back,30.0,kgs,10,,,
2025-06-11,Lat Pulldown,Back,50.0,kgs,2,,,
2025-06-11,Lat Pulldown,Back,40.0,kgs,8,,,
2025-06-11,Lat Pulldown,Back,40.0,kgs,6,,,
2025-06-11,Flat Barbell Bench Press (Each Side) (Smith Machine),Chest,5.0,kgs,15,,,
2025-06-11,Flat Barbell Bench Press (Each Side) (Smith Machine),Chest,15.0,kgs,6,,,
2025-06-11,Flat Barbell Bench Press (Each Side) (Smith Machine),Chest,17.5,kgs,6,,,
2025-06-11,Decline Hammer Strength Chest Press(Each Side),Chest,20.0,kgs,8,,,
2025-06-11,Decline Hammer Strength Chest Press(Each Side),Chest,30.0,kgs,6,,,
2025-06-11,Overhead Press (Each Side, Dumbbells),Shoulders,10.0,kgs,6,,,
2025-06-11,Overhead Press (Each Side, Dumbbells),Shoulders,8.0,kgs,9,,,
2025-06-11,Dumbbell Curl (Each Side),Biceps,8.0,kgs,12,,,
2025-06-11,Dumbbell Curl (Each Side),Biceps,10.0,kgs,10,,,
2025-06-11,Dumbbell Curl (Each Side),Biceps,10.0,kgs,6,,,
2025-06-11,Dumbbell Curl (Each Side),Biceps,8.0,kgs,2,,,
2025-06-14,Incline Barbell Bench Press Smith Machine (Each Side) (Smith Machine),Chest,7.5,kgs,12,,,
2025-06-14,Incline Barbell Bench Press Smith Machine (Each Side) (Smith Machine),Chest,10.0,kgs,14,,,
2025-06-14,Incline Barbell Bench Press Smith Machine (Each Side) (Smith Machine),Chest,12.5,kgs,6,,,
2025-06-14,Incline Barbell Bench Press Smith Machine (Each Side) (Smith Machine),Chest,15.0,kgs,5,,,
2025-06-14,Flat Barbell Bench Press (Each Side) (Smith Machine),Chest,10.0,kgs,12,,,
2025-06-14,Flat Barbell Bench Press (Each Side) (Smith Machine),Chest,15.0,kgs,5,,,
2025-06-14,Flat Barbell Bench Press (Each Side) (Smith Machine),Chest,17.5,kgs,1,,,
2025-06-14,Flat Barbell Bench Press (Each Side) (Smith Machine),Chest,10.0,kgs,10,,,
2025-06-14,Decline Hammer Strength Chest Press(Each Side),Chest,20.0,kgs,12,,,
2025-06-14,Decline Hammer Strength Chest Press(Each Side),Chest,40.0,kgs,5,,,
2025-06-14,Decline Hammer Strength Chest Press(Each Side),Chest,40.0,kgs,5,,,
2025-06-14,Cable Lateral Raise (Each Side),Shoulders,1.25,kgs,12,,,
2025-06-14,Cable Lateral Raise (Each Side),Shoulders,2.5,kgs,10,,,
2025-06-14,Cable Lateral Raise (Each Side),Shoulders,2.5,kgs,5,,,
2025-06-14,Cable Lateral Raise (Each Side),Shoulders,1.25,kgs,4,,,
2025-06-14,Rear Delt Machine Fly,Shoulders,1.25,kgs,10,,,
2025-06-14,Rear Delt Machine Fly,Shoulders,2.5,kgs,5,,,
2025-06-14,Rear Delt Machine Fly,Shoulders,2.5,kgs,5,,,
2025-06-14,Overhead Press (Each Side, Dumbbells),Shoulders,10.0,kgs,5,,,
2025-06-14,Overhead Press (Each Side, Dumbbells),Shoulders,8.0,kgs,5,,,
2025-06-14,Overhead Press (Each Side, Dumbbells),Shoulders,8.0,kgs,5,,,
2025-06-14,Triceps Pushdown,Triceps,10.0,kgs,12,,,
2025-06-14,Cable Overhead Triceps Extension,Triceps,10.0,kgs,9,,,
2025-06-14,Cable Overhead Triceps Extension,Triceps,15.0,kgs,5,,,
2025-06-14,Triceps Pushdown,Triceps,15.0,kgs,5,,,
2025-06-14,Triceps Pushdown,Triceps,15.0,kgs,5,,,
2025-06-14,Cable Overhead Triceps Extension,Triceps,10.0,kgs,7,,,
2025-06-15,Machine Row (Each Side),Back,10.0,kgs,15,,,
2025-06-15,Machine Row (Each Side),Back,20.0,kgs,12,,,
2025-06-15,Dumbbell Curl (Each Side),Biceps,8.0,kgs,12,,,
2025-06-15,Dumbbell Curl (Each Side),Biceps,10.0,kgs,11,,,
2025-06-15,Dumbbell Curl (Each Side),Biceps,10.0,kgs,6,,,
2025-06-15,Dumbbell Curl (Each Side),Biceps,10.0,kgs,5,,,
2025-06-15,Seated Cable Row,Back,15.0,kgs,15,,,
2025-06-15,Seated Cable Row,Back,30.0,kgs,9,,,
2025-06-15,Seated Cable Row,Back,35.0,kgs,4,,,
2025-06-15,Seated Cable Row,Back,30.0,kgs,3,,,
2025-06-15,Single Arm Cable Row,Back,10.0,kgs,15,,,
2025-06-15,Single Arm Cable Row,Back,15.0,kgs,4,,,
2025-06-15,Dumbbell Hammer Curl (Each Side),Biceps,3.25,kgs,6,,,
2025-06-15,Dumbbell Hammer Curl (Each Side),Biceps,5.0,kgs,9,,,
2025-06-15,Dumbbell Hammer Curl (Each Side),Biceps,6.0,kgs,5,,,
2025-06-15,Lat Pulldown,Back,30.0,kgs,10,,,
2025-06-15,Lat Pulldown,Back,40.0,kgs,6,,,
2025-06-15,Lat Pulldown,Back,35.0,kgs,6,,,
2025-06-15,Short Grip Pulldown,Back,30.0,kgs,10,,,
2025-06-15,Short Grip Pulldown,Back,35.0,kgs,4,,,
2025-06-15,Short Grip Pulldown,Back,35.0,kgs,5,,,
2025-06-17,Seated Machine Fly,Chest,20.0,kgs,15,,,
2025-06-17,Flat Barbell Bench Press (Each Side) (Smith Machine),Chest,7.5,kgs,15,,,
2025-06-17,Flat Barbell Bench Press (Each Side) (Smith Machine),Chest,10.0,kgs,12,,,
2025-06-17,Flat Barbell Bench Press (Each Side) (Smith Machine),Chest,17.5,kgs,6,,,
2025-06-17,Flat Barbell Bench Press (Each Side) (Smith Machine),Chest,17.5,kgs,5,,,
2025-06-17,Incline Barbell Bench Press Smith Machine (Each Side) (Smith Machine),Chest,10.0,kgs,12,,,
2025-06-17,Incline Barbell Bench Press Smith Machine (Each Side) (Smith Machine),Chest,15.0,kgs,2,,,
2025-06-17,Overhead Press (Each Side, Dumbbells),Shoulders,10.0,kgs,8,,,
2025-06-17,Overhead Press (Each Side, Dumbbells),Shoulders,10.0,kgs,5,,,
2025-06-17,Overhead Press (Each Side, Dumbbells),Shoulders,10.0,kgs,6,,,
2025-06-17,Cable Overhead Triceps Extension,Triceps,10.0,kgs,12,,,
2025-06-17,Cable Overhead Triceps Extension,Triceps,15.0,kgs,7,,,
2025-06-17,Cable Overhead Triceps Extension,Triceps,15.0,kgs,7,,,
2025-06-17,Cable Overhead Triceps Extension,Triceps,15.0,kgs,6,,,
2025-06-17,Dumbbell Curl (Each Side),Biceps,8.0,kgs,8,,,
2025-06-17,Dumbbell Curl (Each Side),Biceps,10.0,kgs,12,,,
2025-06-17,Dumbbell Curl (Each Side),Biceps,10.0,kgs,6,,,
2025-06-17,Lat Pulldown,Back,30.0,kgs,6,,,
2025-06-17,Lat Pulldown,Back,40.0,kgs,10,,,
2025-06-17,Lat Pulldown,Back,45.0,kgs,5,,,
2025-06-17,Lat Pulldown,Back,50.0,kgs,4,,,
2025-06-17,Lat Pulldown,Back,30.0,kgs,4,,,
2025-06-17,Seated Cable Row,Back,20.0,kgs,15,,,
2025-06-17,Seated Cable Row,Back,30.0,kgs,6,,,
2025-06-17,Seated Cable Row,Back,35.0,kgs,5,,,
2025-06-17,Seated Cable Row,Back,25.0,kgs,8,,,
2025-06-17,Machine Row (Each Side),Back,20.0,kgs,8,,,
2025-06-17,Machine Row (Each Side),Back,20.0,kgs,6,,,
2025-06-17,Machine Row (Each Side),Back,30.0,kgs,5,,,
2025-06-19,Leg Extension Machine,Legs,25.0,kgs,8,,,
2025-06-19,Leg Extension Machine,Legs,25.0,kgs,12,,,
2025-06-19,Leg Extension Machine,Legs,30.0,kgs,14,,,
2025-06-19,Squat Machine (Each Side),Legs,20.0,kgs,12,,,
2025-06-19,Squat Machine (Each Side),Legs,30.0,kgs,8,,,
2025-06-19,Seated Calf Raise Machine (Each Side),Legs,2.5,kgs,12,,,
2025-06-19,Squat Machine (Each Side),Legs,35.0,kgs,6,,,
2025-06-20,Flat Barbell Bench Press (Each Side) (Smith Machine),Chest,5.0,kgs,12,,,
2025-06-20,Flat Barbell Bench Press (Each Side) (Smith Machine),Chest,10.0,kgs,5,,,
2025-06-20,Flat Barbell Bench Press (Each Side) (Smith Machine),Chest,12.5,kgs,4,,,
2025-06-20,Flat Barbell Bench Press (Each Side) (Smith Machine),Chest,7.5,kgs,6,,,
2025-06-20,Decline Hammer Strength Chest Press(Each Side),Chest,20.0,kgs,15,,,
2025-06-20,Decline Hammer Strength Chest Press(Each Side),Chest,30.0,kgs,8,,,
2025-06-20,Decline Hammer Strength Chest Press(Each Side),Chest,40.0,kgs,5,,,
2025-06-20,Decline Hammer Strength Chest Press(Each Side),Chest,20.0,kgs,6,,,
2025-06-20,Incline Chest Press (Each Side),Chest,5.0,kgs,12,,,
2025-06-20,Incline Chest Press (Each Side),Chest,15.0,kgs,7,,,
2025-06-20,Incline Chest Press (Each Side),Chest,20.0,kgs,5,,,
2025-06-20,Incline Chest Press (Each Side),Chest,10.0,kgs,5,,,
2025-06-20,Overhead Press (Each Side, Dumbbells),Shoulders,5.0,kgs,12,,,
2025-06-20,Overhead Press (Each Side, Dumbbells),Shoulders,10.0,kgs,8,,,
2025-06-20,Overhead Press (Each Side, Dumbbells),Shoulders,12.0,kgs,4,,,
2025-06-20,Overhead Press (Each Side, Dumbbells),Shoulders,12.0,kgs,5,,,
2025-06-20,Cable Lateral Raise (Each Side),Shoulders,1.25,kgs,12,,,
2025-06-20,Cable Lateral Raise (Each Side),Shoulders,2.5,kgs,8,,,
2025-06-20,Cable Lateral Raise (Each Side),Shoulders,2.5,kgs,8,,,
2025-06-20,Seated Incline Dumbbell Curl (Each Side),Biceps,8.0,kgs,8,,,
2025-06-20,Cable Lateral Raise (Each Side),Shoulders,2.5,kgs,7,,,
2025-06-20,Seated Incline Dumbbell Curl (Each Side),Biceps,8.0,kgs,8,,,
2025-06-20,Seated Incline Dumbbell Curl (Each Side),Biceps,10.0,kgs,2,,,
2025-06-20,Seated Incline Dumbbell Curl (Each Side),Biceps,8.0,kgs,2,,,
2025-06-21,Pull Up,Back,0.0,kgs,4,,,
2025-06-21,Pull Up,Back,0.0,kgs,4,,,
2025-06-21,Pull Up,Back,0.0,kgs,4,,,
2025-06-21,Seated Cable Row,Back,20.0,kgs,15,,,
2025-06-21,Seated Cable Row,Back,30.0,kgs,7,,,
2025-06-21,Seated Cable Row,Back,35.0,kgs,5,,,
2025-06-21,Seated Cable Row,Back,25.0,kgs,3,,,
2025-06-21,Seated Cable Row,Back,35.0,kgs,4,,,
2025-06-21,Lat Pulldown,Back,35.0,kgs,12,,,
2025-06-21,Lat Pulldown,Back,40.0,kgs,7,,,
2025-06-21,Lat Pulldown,Back,50.0,kgs,4,,,
2025-06-21,Lat Pulldown,Back,50.0,kgs,6,,,
2025-06-21,Triceps Pushdown,Triceps,10.0,kgs,15,,,
2025-06-21,Triceps Pushdown,Triceps,12.5,kgs,10,,,
2025-06-21,Triceps Pushdown,Triceps,15.0,kgs,4,,,
2025-06-21,Triceps Pushdown,Triceps,15.0,kgs,5,,,
2025-06-21,Triceps Pushdown,Triceps,12.5,kgs,2,,,
2025-06-21,Cable Overhead Triceps Extension,Triceps,10.0,kgs,12,,,
2025-06-21,Cable Overhead Triceps Extension,Triceps,15.0,kgs,5,,,
2025-06-21,Cable Overhead Triceps Extension,Triceps,15.0,kgs,9,,,
2025-06-21,Machine Row (Each Side),Back,10.0,kgs,12,,,
2025-06-21,Machine Row (Each Side),Back,20.0,kgs,8,,,
2025-06-21,Machine Row (Each Side),Back,30.0,kgs,5,,,
2025-06-21,Machine Row (Each Side),Back,20.0,kgs,3,,,
2025-06-21,Dumbbell Curl (Each Side),Biceps,8.0,kgs,12,,,
2025-06-24,Flat Barbell Bench Press (Each Side) (Smith Machine),Chest,10.0,kgs,15,,,
2025-06-24,Flat Barbell Bench Press (Each Side) (Smith Machine),Chest,15.0,kgs,8,,,
2025-06-24,Flat Barbell Bench Press (Each Side) (Smith Machine),Chest,17.5,kgs,6,,,
2025-06-24,Flat Barbell Bench Press (Each Side) (Smith Machine),Chest,17.5,kgs,4,,,
2025-06-24,Overhead Press (Each Side, Dumbbells),Shoulders,8.0,kgs,10,,,
2025-06-24,Overhead Press (Each Side, Dumbbells),Shoulders,10.0,kgs,8,,,
2025-06-24,Overhead Press (Each Side, Dumbbells),Shoulders,12.0,kgs,5,,,
2025-06-24,Overhead Press (Each Side, Dumbbells),Shoulders,12.0,kgs,4,,,
2025-06-24,Decline Hammer Strength Chest Press(Each Side),Chest,20.0,kgs,15,,,
2025-06-24,Decline Hammer Strength Chest Press(Each Side),Chest,40.0,kgs,6,,,
2025-06-24,Decline Hammer Strength Chest Press(Each Side),Chest,40.0,kgs,6,,,
2025-06-24,Machine Row (Each Side),Back,10.0,kgs,20,,,
2025-06-24,Machine Row (Each Side),Back,20.0,kgs,20,,,
2025-06-24,Machine Row (Each Side),Back,30.0,kgs,10,,,
2025-06-24,Lat Pulldown,Back,16.0,kgs,12,,,
2025-06-24,Lat Pulldown,Back,35.0,kgs,12,,,
2025-06-24,Lat Pulldown,Back,40.0,kgs,8,,,
2025-06-24,Lat Pulldown,Back,45.0,kgs,6,,,
2025-06-24,Lat Pulldown,Back,50.0,kgs,3,,,
2025-06-24,Lat Pulldown,Back,35.0,kgs,3,,,
2025-06-24,Cable Overhead Triceps Extension,Triceps,10.0,kgs,15,,,
2025-06-24,Cable Overhead Triceps Extension,Triceps,15.0,kgs,9,,,
2025-06-24,Cable Overhead Triceps Extension,Triceps,15.0,kgs,5,,,
2025-06-24,Cable Overhead Triceps Extension,Triceps,15.0,kgs,5,,,
2025-06-24,Dumbbell Curl (Each Side),Biceps,10.0,kgs,14,,,
2025-06-24,Dumbbell Curl (Each Side),Biceps,10.0,kgs,7,,,
2025-06-24,Dumbbell Curl (Each Side),Biceps,10.0,kgs,6,,,
2025-06-25,Squat Machine (Each Side),Legs,20.0,kgs,8,,,
2025-06-25,Squat Machine (Each Side),Legs,40.0,kgs,8,,,
2025-06-25,Squat Machine (Each Side),Legs,60.0,kgs,8,,,
2025-06-27,Lat Pulldown,Back,30.0,kgs,20,,,
2025-06-27,Lat Pulldown,Back,40.0,kgs,8,,,
2025-06-27,Lat Pulldown,Back,45.0,kgs,6,,,
2025-06-27,Lat Pulldown,Back,50.0,kgs,4,,,
2025-06-27,Single Arm Cable Row,Back,10.0,kgs,10,,,
2025-06-27,Seated Cable Row,Back,25.0,kgs,12,,,
2025-06-27,Seated Cable Row,Back,35.0,kgs,6,,,
2025-06-27,Seated Cable Row,Back,25.0,kgs,3,,,
2025-06-27,Seated Cable Row,Back,35.0,kgs,3,,,
2025-06-27,Seated Cable Row,Back,20.0,kgs,2,,,
2025-06-27,Machine Row (Each Side),Back,15.0,kgs,15,,,
2025-06-27,Machine Row (Each Side),Back,25.0,kgs,10,,,
2025-06-27,Machine Row (Each Side),Back,30.0,kgs,7,,,
2025-06-27,Dumbbell Curl (Each Side),Biceps,8.0,kgs,12,,,
2025-06-27,Dumbbell Curl (Each Side),Biceps,10.0,kgs,9,,,
2025-06-27,Dumbbell Curl (Each Side),Biceps,10.0,kgs,11,,,
2025-06-28,Overhead Press (Each Side, Dumbbells),Shoulders,8.0,kgs,10,,,
2025-06-28,Overhead Press (Each Side, Dumbbells),Shoulders,10.0,kgs,11,,,
2025-06-28,Overhead Press (Each Side, Dumbbells),Shoulders,12.0,kgs,6,,,
2025-06-28,Overhead Press (Each Side, Dumbbells),Shoulders,12.0,kgs,6,,,
2025-06-28,Incline Chest Press (Each Side),Chest,10.0,kgs,12,,,
2025-06-28,Incline Chest Press (Each Side),Chest,15.0,kgs,10,,,
2025-06-28,Incline Chest Press (Each Side),Chest,20.0,kgs,6,,,
2025-06-28,Incline Chest Press (Each Side),Chest,25.0,kgs,3,,,
2025-06-28,Seated Machine Fly,Chest,30.0,kgs,10,,,
2025-06-28,Seated Machine Fly,Chest,40.0,kgs,10,,,
2025-06-28,Seated Machine Fly,Chest,45.0,kgs,5,,,
2025-06-28,Decline Hammer Strength Chest Press(Each Side),Chest,20.0,kgs,17,,,
2025-06-28,Decline Hammer Strength Chest Press(Each Side),Chest,40.0,kgs,4,,,
2025-06-28,Decline Hammer Strength Chest Press(Each Side),Chest,45.0,kgs,6,,,
2025-06-28,Triceps Pushdown,Triceps,7.5,kgs,15,,,
2025-06-28,Triceps Pushdown,Triceps,12.5,kgs,4,,,
2025-06-28,Triceps Pushdown,Triceps,15.0,kgs,5,,,
2025-06-28,Cable Overhead Triceps Extension,Triceps,10.0,kgs,12,,,
2025-06-28,Cable Overhead Triceps Extension,Triceps,15.0,kgs,6,,,
2025-06-28,Cable Overhead Triceps Extension,Triceps,15.0,kgs,7,,,
2025-06-29,Leg Extension Machine,Legs,25.0,kgs,15,,,
2025-06-29,Leg Extension Machine,Legs,35.0,kgs,15,,,
2025-06-29,Leg Extension Machine,Legs,50.0,kgs,10,,,
2025-06-29,Leg Extension Machine,Legs,60.0,kgs,9,,,
2025-06-29,Seated Leg Curl Machine,Legs,20.0,kgs,20,,,
2025-06-29,Seated Leg Curl Machine,Legs,35.0,kgs,6,,,
2025-06-29,Seated Leg Curl Machine,Legs,35.0,kgs,6,,,
2025-06-29,Seated Calf Raise Machine (Each Side),Legs,5.0,kgs,12,,,
2025-06-29,Seated Calf Raise Machine (Each Side),Legs,5.0,kgs,12,,,
2025-06-29,Cable Lateral Raise (Each Side),Shoulders,1.25,kgs,12,,,
2025-06-29,Cable Lateral Raise (Each Side),Shoulders,2.5,kgs,14,,,
2025-06-29,Cable Lateral Raise (Each Side),Shoulders,2.5,kgs,10,,,
2025-06-29,Cable Face Pull,Shoulders,10.0,kgs,20,,,
2025-06-29,Cable Face Pull,Shoulders,20.0,kgs,8,,,
2025-06-29,Cable Face Pull,Shoulders,25.0,kgs,6,,,
2025-06-29,Cable Face Pull,Shoulders,20.0,kgs,16,,,
2025-07-01,Flat Barbell Bench Press (Each Side) (Smith Machine),Chest,5.0,kgs,12,,,
2025-07-01,Flat Barbell Bench Press (Each Side) (Smith Machine),Chest,10.0,kgs,5,,,
2025-07-01,Flat Barbell Bench Press (Each Side) (Smith Machine),Chest,12.5,kgs,4,,,
2025-07-01,Decline Hammer Strength Chest Press(Each Side),Chest,30.0,kgs,12,,,
2025-07-01,Decline Hammer Strength Chest Press(Each Side),Chest,40.0,kgs,10,,,
2025-07-01,Decline Hammer Strength Chest Press(Each Side),Chest,45.0,kgs,4,,,
2025-07-01,Incline Chest Press (Each Side),Chest,10.0,kgs,12,,,
2025-07-01,Incline Chest Press (Each Side),Chest,20.0,kgs,6,,,
2025-07-01,Incline Chest Press (Each Side),Chest,22.5,kgs,5,,,
2025-07-01,Lat Pulldown,Back,30.0,kgs,15,,,
2025-07-01,Lat Pulldown,Back,40.0,kgs,8,,,
2025-07-01,Lat Pulldown,Back,45.0,kgs,6,,,
2025-07-01,Lat Pulldown,Back,50.0,kgs,5,,,
2025-07-01,Seated Cable Row,Back,15.0,kgs,15,,,
2025-07-01,Seated Cable Row,Back,25.0,kgs,7,,,
2025-07-01,Seated Cable Row,Back,35.0,kgs,7,,,
2025-07-01,Seated Cable Row,Back,25.0,kgs,4,,,
2025-07-01,Machine Row (Each Side),Back,15.0,kgs,12,,,
2025-07-01,Machine Row (Each Side),Back,25.0,kgs,10,,,
2025-07-01,Machine Row (Each Side),Back,30.0,kgs,6,,,
2025-07-01,Cable Lateral Raise (Each Side),Shoulders,1.25,kgs,12,,,
2025-07-01,Cable Lateral Raise (Each Side),Shoulders,2.5,kgs,10,,,
2025-07-01,Cable Lateral Raise (Each Side),Shoulders,3.25,kgs,5,,,
2025-07-01,Cable Lateral Raise (Each Side),Shoulders,2.5,kgs,4,,,
2025-07-01,Dumbbell Preacher Curl (Each Side),Biceps,8.0,kgs,8,,,
2025-07-01,Dumbbell Preacher Curl (Each Side),Biceps,10.0,kgs,8,,,
2025-07-01,Triceps Pushdown,Triceps,10.0,kgs,15,,,
2025-07-01,Dumbbell Preacher Curl (Each Side),Biceps,10.0,kgs,6,,,
2025-07-01,Dumbbell Preacher Curl (Each Side),Biceps,8.0,kgs,3,,,
2025-07-01,Triceps Pushdown,Triceps,12.2,kgs,10,,,
2025-07-01,Triceps Pushdown,Triceps,15.0,kgs,6,,,
2025-07-01,Triceps Pushdown,Triceps,10.0,kgs,3,,,
2025-07-01,Dumbbell Hammer Curl (Each Side),Biceps,8.0,kgs,8,,,
2025-07-01,Cable Overhead Triceps Extension,Triceps,10.0,kgs,12,,,
2025-07-01,Cable Overhead Triceps Extension,Triceps,15.0,kgs,7,,,
2025-07-01,Dumbbell Hammer Curl (Each Side),Biceps,8.0,kgs,8,,,
2025-07-04,Seated Machine Fly,Chest,20.0,kgs,15,,,
2025-07-04,Seated Machine Fly,Chest,40.0,kgs,12,,,
2025-07-04,Seated Machine Fly,Chest,50.0,kgs,6,,,
2025-07-04,Incline Chest Press (Each Side),Chest,10.0,kgs,12,,,
2025-07-04,Incline Chest Press (Each Side),Chest,20.0,kgs,6,,,
2025-07-04,Incline Chest Press (Each Side),Chest,22.5,kgs,6,,,
2025-07-04,Incline Chest Press (Each Side),Chest,25.0,kgs,2,,,
2025-07-04,Decline Hammer Strength Chest Press(Each Side),Chest,20.0,kgs,20,,,
2025-07-04,Decline Hammer Strength Chest Press(Each Side),Chest,30.0,kgs,15,,,
2025-07-04,Decline Hammer Strength Chest Press(Each Side),Chest,40.0,kgs,9,,,
2025-07-04,Seated Incline Dumbbell Curl (Each Side),Biceps,8.0,kgs,8,,,
2025-07-04,Seated Incline Dumbbell Curl (Each Side),Biceps,10.0,kgs,5,,,
2025-07-04,Dumbbell Preacher Curl (Each Side),Biceps,8.0,kgs,10,,,
2025-07-04,Dumbbell Preacher Curl (Each Side),Biceps,10.0,kgs,9,,,
2025-07-04,Rope Curls (Each Side),Biceps,7.5,kgs,12,,,
2025-07-04,Rope Curls (Each Side),Biceps,15.0,kgs,7,,,
2025-07-05,Lat Pulldown,Back,25.0,kgs,15,,,
2025-07-05,Lat Pulldown,Back,40.0,kgs,10,,,
2025-07-05,Lat Pulldown,Back,50.0,kgs,8,,,
2025-07-05,Lat Pulldown,Back,55.0,kgs,4,,,
2025-07-05,Machine Row (Each Side),Back,15.0,kgs,20,,,
2025-07-05,Machine Row (Each Side),Back,25.0,kgs,15,,,
2025-07-05,Machine Row (Each Side),Back,35.0,kgs,6,,,
2025-07-05,Seated Cable Row,Back,15.0,kgs,15,,,
2025-07-05,Seated Cable Row,Back,25.0,kgs,10,,,
2025-07-05,Dumbbell Curl (Each Side),Biceps,8.0,kgs,12,,,
2025-07-05,Dumbbell Curl (Each Side),Biceps,10.0,kgs,10,,,
2025-07-05,Triceps Pushdown,Triceps,7.5,kgs,15,,,
2025-07-05,Triceps Pushdown,Triceps,12.0,kgs,8,,,
2025-07-05,Triceps Pushdown,Triceps,15.0,kgs,6,,,
2025-07-05,Cable Overhead Triceps Extension,Triceps,10.0,kgs,12,,,
2025-07-05,Cable Overhead Triceps Extension,Triceps,15.0,kgs,7,,,
2025-07-06,Leg Extension Machine,Legs,25.0,kgs,15,,,
2025-07-06,Leg Extension Machine,Legs,50.0,kgs,12,,,
2025-07-06,Leg Extension Machine,Legs,65.0,kgs,8,,,
2025-07-06,Leg Extension Machine,Legs,70.0,kgs,6,,,
2025-07-06,Seated Leg Curl Machine,Legs,25.0,kgs,15,,,
2025-07-06,Seated Leg Curl Machine,Legs,35.0,kgs,10,,,
2025-07-06,Overhead Press (Each Side, Dumbbells),Shoulders,12.0,kgs,13,,,
2025-07-06,Overhead Press (Each Side, Dumbbells),Shoulders,14.0,kgs,4,,,
2025-07-06,Overhead Press (Each Side, Dumbbells),Shoulders,14.0,kgs,4,,,
2025-07-06,Cable Face Pull,Shoulders,15.0,kgs,20,,,
2025-07-06,Cable Face Pull,Shoulders,20.0,kgs,18,,,
2025-07-06,Cable Face Pull,Shoulders,25.0,kgs,10,,,
2025-07-06,Cable Lateral Raise (Each Side),Shoulders,1.25,kgs,12,,,
2025-07-06,Cable Lateral Raise (Each Side),Shoulders,2.5,kgs,15,,,
2025-07-06,Cable Lateral Raise (Each Side),Shoulders,3.25,kgs,6,,,
2025-07-09,Incline Chest Press (Each Side),Chest,10.0,kgs,12,,,
2025-07-09,Incline Chest Press (Each Side),Chest,20.0,kgs,8,,,
2025-07-09,Incline Chest Press (Each Side),Chest,25.0,kgs,5,,,
2025-07-09,Incline Chest Press (Each Side),Chest,27.5,kgs,6,,,
2025-07-09,Flat Barbell Bench Press (Each Side) (Smith Machine),Chest,10.0,kgs,15,,,
2025-07-09,Flat Barbell Bench Press (Each Side) (Smith Machine),Chest,15.0,kgs,9,,,
2025-07-09,Flat Barbell Bench Press (Each Side) (Smith Machine),Chest,17.5,kgs,8,,,
2025-07-09,Seated Machine Fly,Chest,40.0,kgs,10,,,
2025-07-09,Seated Machine Fly,Chest,45.0,kgs,10,,,
2025-07-09,Cable Lateral Raise (Each Side),Shoulders,1.25,kgs,14,,,
2025-07-09,Cable Lateral Raise (Each Side),Shoulders,2.5,kgs,13,,,
2025-07-09,Cable Lateral Raise (Each Side),Shoulders,2.5,kgs,10,,,
2025-07-09,Triceps Pushdown,Triceps,10.0,kgs,20,,,
2025-07-09,Triceps Pushdown,Triceps,12.5,kgs,5,,,
2025-07-09,Triceps Pushdown,Triceps,15.0,kgs,4,,,
2025-07-09,Cable Overhead Triceps Extension,Triceps,10.0,kgs,12,,,
2025-07-09,Cable Overhead Triceps Extension,Triceps,15.0,kgs,6,,,
2025-07-09,Cable Overhead Triceps Extension,Triceps,15.0,kgs,9,,,
2025-07-09,Lat Pulldown,Back,35.0,kgs,10,,,
2025-07-09,Lat Pulldown,Back,40.0,kgs,8,,,
2025-07-09,Lat Pulldown,Back,50.0,kgs,6,,,
2025-07-09,Machine Row (Each Side),Back,15.0,kgs,15,,,
2025-07-09,Machine Row (Each Side),Back,25.0,kgs,10,,,
2025-07-09,Machine Row (Each Side),Back,35.0,kgs,4,,,
2025-07-10,Leg Extension Machine,Legs,30.0,kgs,20,,,
2025-07-10,Leg Extension Machine,Legs,60.0,kgs,10,,,
2025-07-10,Leg Extension Machine,Legs,70.0,kgs,7,,,
2025-07-10,Leg Extension Machine,Legs,80.0,kgs,4,,,
2025-07-10,Leg Extension Machine,Legs,30.0,kgs,8,,,
2025-07-10,Seated Leg Curl Machine,Legs,40.0,kgs,10,,,
2025-07-10,Seated Leg Curl Machine,Legs,45.0,kgs,7,,,
2025-07-10,Seated Leg Curl Machine,Legs,50.0,kgs,4,,,
2025-07-10,Seated Leg Curl Machine,Legs,38.0,kgs,10,,,
2025-07-10,Dumbbell Preacher Curl (Each Side),Biceps,8.0,kgs,10,,,
2025-07-10,Dumbbell Preacher Curl (Each Side),Biceps,8.0,kgs,12,,,
2025-07-10,Dumbbell Preacher Curl (Each Side),Biceps,10.0,kgs,11,,,
2025-07-10,Seated Incline Dumbbell Curl (Each Side),Biceps,8.0,kgs,9,,,
2025-07-10,Seated Incline Dumbbell Curl (Each Side),Biceps,8.0,kgs,9,,,
2025-07-10,Seated Incline Dumbbell Curl (Each Side),Biceps,8.0,kgs,4,,,
2025-07-11,Machine Row (Each Side),Back,15.0,kgs,20,,,
2025-07-11,Machine Row (Each Side),Back,25.0,kgs,12,,,
2025-07-11,Machine Row (Each Side),Back,35.0,kgs,7,,,
2025-07-11,Machine Row (Each Side),Back,15.0,kgs,10,,,
2025-07-11,Lat Pulldown,Back,30.0,kgs,15,,,
2025-07-11,Lat Pulldown,Back,40.0,kgs,10,,,
2025-07-11,Lat Pulldown,Back,50.0,kgs,8,,,
2025-07-11,Lat Pulldown,Back,25.0,kgs,6,,,
2025-07-11,Seated Incline Dumbbell Curl (Each Side),Biceps,8.0,kgs,10,,,
2025-07-11,Seated Incline Dumbbell Curl (Each Side),Biceps,10.0,kgs,4,,,
2025-07-11,Seated Incline Dumbbell Curl (Each Side),Biceps,8.0,kgs,4,,,
2025-07-11,Seated Incline Dumbbell Curl (Each Side),Biceps,10.0,kgs,2,,,
2025-07-11,Seated Incline Dumbbell Curl (Each Side),Biceps,8.0,kgs,4,,,
2025-07-11,Seated Incline Dumbbell Curl (Each Side),Biceps,4.0,kgs,9,,,
2025-07-11,Rope Curls (Each Side),Biceps,7.5,kgs,10,,,
2025-07-11,Rope Curls (Each Side),Biceps,15.0,kgs,6,,,
2025-07-11,Rope Curls (Each Side),Biceps,5.0,kgs,3,,,
2025-07-12,Incline Chest Press (Each Side),Chest,10.0,kgs,20,,,
2025-07-12,Incline Chest Press (Each Side),Chest,20.0,kgs,12,,,
2025-07-12,Incline Chest Press (Each Side),Chest,27.5,kgs,6,,,
2025-07-12,Seated Machine Fly,Chest,25.0,kgs,20,,,
2025-07-12,Seated Machine Fly,Chest,45.0,kgs,15,,,
2025-07-12,Seated Machine Fly,Chest,50.0,kgs,8,,,
2025-07-12,Triceps Pushdown (Easy Cable),Triceps,15.0,kgs,12,,,
2025-07-12,Triceps Pushdown (Easy Cable),Triceps,20.0,kgs,4,,,
2025-07-12,Triceps Pushdown (Easy Cable),Triceps,15.0,kgs,4,,,
2025-07-12,Triceps Pushdown (Easy Cable),Triceps,10.0,kgs,6,,,
2025-07-12,Triceps Pushdown (Easy Cable),Triceps,20.0,kgs,6,,,
2025-07-12,Triceps Pushdown (Easy Cable),Triceps,15.0,kgs,4,,,
2025-07-12,Cable Overhead Triceps Extension,Triceps,10.0,kgs,10,,,
2025-07-12,Cable Overhead Triceps Extension,Triceps,15.0,kgs,5,,,
2025-07-12,Cable Overhead Triceps Extension,Triceps,15.0,kgs,6,,,
2025-07-14,Cable Lateral Raise (Each Side),Shoulders,1.25,kgs,14,,,
2025-07-14,Cable Lateral Raise (Each Side),Shoulders,2.5,kgs,12,,,
2025-07-14,Cable Lateral Raise (Each Side),Shoulders,3.25,kgs,6,,,
2025-07-14,Cable Lateral Raise (Each Side),Shoulders,2.5,kgs,3,,,
2025-07-14,Cable Lateral Raise (Each Side),Shoulders,1.25,kgs,3,,,
2025-07-14,Overhead Press (Each Side, Dumbbells),Shoulders,8.0,kgs,12,,,
2025-07-14,Overhead Press (Each Side, Dumbbells),Shoulders,12.0,kgs,6,,,
2025-07-14,Leg Extension Machine,Legs,30.0,kgs,12,,,
2025-07-14,Leg Extension Machine,Legs,60.0,kgs,12,,,
2025-07-14,Leg Extension Machine,Legs,70.0,kgs,8,,,
2025-07-14,Leg Extension Machine,Legs,80.0,kgs,3,,,
2025-07-14,Leg Extension Machine,Legs,50.0,kgs,4,,,
2025-07-14,Leg Extension Machine,Legs,15.0,kgs,6,,,
2025-07-14,Cable Face Pull,Shoulders,15.0,kgs,15,,,
2025-07-14,Cable Face Pull,Shoulders,25.0,kgs,10,,,
2025-07-14,Cable Face Pull,Shoulders,25.0,kgs,8,,,
2025-07-16,Incline Chest Press (Each Side),Chest,10.0,kgs,12,,,
2025-07-16,Incline Chest Press (Each Side),Chest,20.0,kgs,10,,,
2025-07-16,Incline Chest Press (Each Side),Chest,27.5,kgs,7,,,
2025-07-16,Incline Chest Press (Each Side),Chest,10.0,kgs,6,,,
2025-07-16,Seated Machine Fly,Chest,45.0,kgs,16,,,
2025-07-16,Seated Machine Fly,Chest,55.0,kgs,6,,,
2025-07-16,Seated Machine Fly,Chest,35.0,kgs,6,,,
2025-07-16,Machine Row (Each Side),Back,15.0,kgs,25,,,
2025-07-16,Machine Row (Each Side),Back,35.0,kgs,10,,,
2025-07-16,Machine Row (Each Side),Back,40.0,kgs,6,,,
2025-07-16,Machine Row (Each Side),Back,15.0,kgs,6,,,
2025-07-16,Wide Grip Seated Row,Back,15.0,kgs,12,,,
2025-07-16,Wide Grip Seated Row,Back,25.0,kgs,8,,,
2025-07-16,Lat Pulldown,Back,35.0,kgs,10,,,
2025-07-16,Lat Pulldown,Back,45.0,kgs,8,,,
2025-07-16,Lat Pulldown,Back,50.0,kgs,6,,,
2025-07-16,Lat Pulldown,Back,30.0,kgs,6,,,
2025-07-16,Triceps Pushdown (Easy Cable),Triceps,15.0,kgs,15,,,
2025-07-16,Triceps Pushdown (Easy Cable),Triceps,20.0,kgs,4,,,
2025-07-16,Cable Lateral Raise (Each Side),Shoulders,1.25,kgs,19,,,
2025-07-16,Cable Lateral Raise (Each Side),Shoulders,3.25,kgs,7,,,
2025-07-16,Cable Lateral Raise (Each Side),Shoulders,2.5,kgs,3,,,
2025-07-16,Cable Lateral Raise (Each Side),Shoulders,1.25,kgs,3,,,
2025-07-16,Cable Lateral Raise (Each Side),Shoulders,2.5,kgs,6,,,
2025-07-16,Dumbbell Curl (Each Side),Biceps,10.0,kgs,13,,,
2025-07-16,Dumbbell Curl (Each Side),Biceps,12.0,kgs,4,,,
2025-07-16,Dumbbell Curl (Each Side),Biceps,10.0,kgs,5,,,
2025-07-17,Leg Extension Machine,Legs,30.0,kgs,15,,,
2025-07-17,Leg Extension Machine,Legs,60.0,kgs,12,,,
2025-07-17,Leg Extension Machine,Legs,80.0,kgs,4,,,
2025-07-17,Leg Extension Machine,Legs,40.0,kgs,4,,,
2025-07-17,Leg Extension Machine,Legs,25.0,kgs,10,,,
2025-07-17,Squat Machine (Each Side),Legs,40.0,kgs,8,,,
2025-07-17,Squat Machine (Each Side),Legs,60.0,kgs,6,,,
2025-07-17,Lying Leg Curl Machine,Legs,15.0,kgs,20,,,
2025-07-17,Lying Leg Curl Machine,Legs,25.0,kgs,6,,,
2025-07-17,Lying Leg Curl Machine,Legs,20.0,kgs,9,,,
2025-07-17,Lying Leg Curl Machine,Legs,10.0,kgs,4,,,
2025-07-19,Incline Chest Press (Each Side),Chest,15.0,kgs,12,,,
2025-07-19,Incline Chest Press (Each Side),Chest,20.0,kgs,8,,,
2025-07-19,Incline Chest Press (Each Side),Chest,20.0,kgs,10,,,
2025-07-19,Seated Machine Fly,Chest,30.0,kgs,16,,,
2025-07-19,Seated Machine Fly,Chest,35.0,kgs,10,,,
2025-07-19,Seated Machine Fly,Chest,40.0,kgs,12,,,
2025-07-19,Cable Overhead Triceps Extension,Triceps,10.0,kgs,21,,,
2025-07-19,Cable Overhead Triceps Extension,Triceps,15.0,kgs,10,,,
2025-07-19,Cable Overhead Triceps Extension,Triceps,15.0,kgs,5,,,
2025-07-19,Triceps Pushdown (Easy Cable),Triceps,10.0,kgs,18,,,
2025-07-19,Triceps Pushdown (Easy Cable),Triceps,15.0,kgs,10,,,
2025-07-21,Incline Chest Press (Each Side),Chest,10.0,kgs,15,,,
2025-07-21,Incline Chest Press (Each Side),Chest,27.5,kgs,9,,,
2025-07-21,Incline Chest Press (Each Side),Chest,30.0,kgs,5,,,
2025-07-21,Seated Machine Fly,Chest,40.0,kgs,16,,,
2025-07-21,Seated Machine Fly,Chest,55.0,kgs,8,,,
2025-07-21,Machine Row (Each Side),Back,15.0,kgs,20,,,
2025-07-21,Machine Row (Each Side),Back,30.0,kgs,10,,,
2025-07-21,Machine Row (Each Side),Back,40.0,kgs,5,,,
2025-07-21,Seated Cable Row,Back,30.0,kgs,10,,,
2025-07-21,Seated Cable Row,Back,40.0,kgs,3,,,
2025-07-21,Dumbbell Curl (Each Side),Biceps,10.0,kgs,15,,,
2025-07-21,Dumbbell Curl (Each Side),Biceps,12.0,kgs,4,,,
2025-07-21,Triceps Pushdown (Easy Cable),Triceps,15.0,kgs,17,,,
2025-07-21,Triceps Pushdown (Easy Cable),Triceps,20.0,kgs,5,,,
2025-07-21,Cable Lateral Raise (Each Side),Shoulders,1.25,kgs,12,,,
2025-07-21,Cable Lateral Raise (Each Side),Shoulders,2.5,kgs,8,,,
2025-07-22,Leg Extension Machine,Legs,30.0,kgs,15,,,
2025-07-22,Leg Extension Machine,Legs,50.0,kgs,10,,,
2025-07-22,Leg Extension Machine,Legs,60.0,kgs,8,,,
2025-07-22,Leg Extension Machine,Legs,60.0,kgs,9,,,
2025-07-22,Lying Leg Curl Machine,Legs,15.0,kgs,15,,,
2025-07-22,Lying Leg Curl Machine,Legs,20.0,kgs,12,,,
2025-07-22,Lying Leg Curl Machine,Legs,25.0,kgs,9,,,
2025-07-22,Seated Calf Raise Machine (Each Side),Legs,5.0,kgs,12,,,
2025-07-22,Seated Calf Raise Machine (Each Side),Legs,15.0,kgs,6,,,
2025-07-22,Dumbbell Curl (Each Side),Biceps,10.0,kgs,12,,,
2025-07-22,Dumbbell Curl (Each Side),Biceps,12.0,kgs,4,,,
2025-07-24,Seated Incline Dumbbell Curl (Each Side),Biceps,8.0,kgs,12,,,
2025-07-24,Seated Incline Dumbbell Curl (Each Side),Biceps,10.0,kgs,3,,,
2025-07-24,Seated Incline Dumbbell Curl (Each Side),Biceps,8.0,kgs,8,,,
2025-07-24,Seated Incline Dumbbell Curl (Each Side),Biceps,10.0,kgs,2,,,
2025-07-24,Seated Incline Dumbbell Curl (Each Side),Biceps,8.0,kgs,6,,,
2025-07-24,Seated Incline Dumbbell Curl (Each Side),Biceps,6.0,kgs,5,,,
2025-07-24,Front Cable Raise,Shoulders,7.5,kgs,7,,,
2025-07-24,Front Cable Raise,Shoulders,5.0,kgs,5,,,
2025-07-24,Front Cable Raise,Shoulders,2.5,kgs,5,,,
2025-07-24,Front Cable Raise,Shoulders,7.5,kgs,6,,,
2025-07-24,Front Cable Raise,Shoulders,5.0,kgs,5,,,
2025-07-24,Front Cable Raise,Shoulders,2.5,kgs,5,,,
2025-07-24,Front Cable Raise,Shoulders,7.5,kgs,5,,,
2025-07-24,Front Cable Raise,Shoulders,5.0,kgs,4,,,
2025-07-24,Front Cable Raise,Shoulders,2.0,kgs,4,,,
2025-07-24,Dumbbell Preacher Curl (Each Side),Biceps,8.0,kgs,12,,,
2025-07-24,Dumbbell Preacher Curl (Each Side),Biceps,10.0,kgs,6,,,
2025-07-24,Dumbbell Preacher Curl (Each Side),Biceps,10.0,kgs,9,,,
2025-07-24,Triceps Pushdown,Triceps,10.0,kgs,15,,,
2025-07-24,Triceps Pushdown,Triceps,15.0,kgs,8,,,
2025-07-24,Triceps Pushdown,Triceps,17.5,kgs,3,,,
2025-07-24,Triceps Pushdown,Triceps,12.0,kgs,3,,,
2025-07-24,Triceps Pushdown,Triceps,5.0,kgs,6,,,
2025-07-24,Rope Curls (Each Side),Biceps,5.0,kgs,15,,,
2025-07-24,Rope Curls (Each Side),Biceps,10.0,kgs,8,,,
2025-07-24,Rope Curls (Each Side),Biceps,15.0,kgs,5,,,
2025-07-24,Rope Curls (Each Side),Biceps,7.0,kgs,5,,,
2025-07-24,Cable Lateral Raise (Each Side),Shoulders,2.5,kgs,8,,,
2025-07-24,Cable Lateral Raise (Each Side),Shoulders,3.75,kgs,3,,,
2025-07-24,Cable Lateral Raise (Each Side),Shoulders,2.5,kgs,2,,,
2025-07-24,Cable Lateral Raise (Each Side),Shoulders,1.25,kgs,3,,,
2025-07-24,Cable Lateral Raise (Each Side),Shoulders,3.75,kgs,4,,,
2025-07-24,Cable Lateral Raise (Each Side),Shoulders,2.5,kgs,1,,,
2025-07-24,Cable Lateral Raise (Each Side),Shoulders,1.25,kgs,4,,,
2025-07-24,Cable Overhead Tricep Extension (Hard Cable),Triceps,10.0,kgs,12,,,
2025-07-24,Cable Overhead Tricep Extension (Hard Cable),Triceps,12.0,kgs,6,,,
2025-07-24,Cable Overhead Tricep Extension (Hard Cable),Triceps,7.5,kgs,2,,,
2025-07-24,Cable Overhead Tricep Extension (Hard Cable),Triceps,3.25,kgs,4,,,
2025-07-26,Incline Chest Press (Each Side),Chest,15.0,kgs,15,,,
2025-07-26,Incline Chest Press (Each Side),Chest,25.0,kgs,9,,,
2025-07-26,Incline Chest Press (Each Side),Chest,30.0,kgs,6,,,
2025-07-26,Incline Chest Press (Each Side),Chest,10.0,kgs,6,,,
2025-07-26,Seated Machine Fly,Chest,40.0,kgs,14,,,
2025-07-26,Seated Machine Fly,Chest,50.0,kgs,6,,,
2025-07-26,Seated Machine Fly,Chest,55.0,kgs,8,,,
2025-07-26,Seated Machine Fly,Chest,20.0,kgs,6,,,
2025-07-26,Machine Row (Each Side),Back,15.0,kgs,20,,,
2025-07-26,Machine Row (Each Side),Back,35.0,kgs,7,,,
2025-07-26,Lat Pulldown,Back,30.0,kgs,12,,,
2025-07-26,Lat Pulldown,Back,40.0,kgs,10,,,
2025-07-26,Lat Pulldown,Back,50.0,kgs,6,,,
2025-07-26,Lat Pulldown,Back,30.0,kgs,6,,,
2025-07-26,Cable Face Pull,Shoulders,20.0,kgs,17,,,
2025-07-26,Cable Face Pull,Shoulders,25.0,kgs,6,,,
2025-07-28,Incline Chest Press (Each Side),Chest,15.0,kgs,12,,,
2025-07-28,Incline Chest Press (Each Side),Chest,25.0,kgs,5,,,
2025-07-28,Incline Chest Press (Each Side),Chest,27.5,kgs,2,,,
2025-07-28,Incline Chest Press (Each Side),Chest,20.0,kgs,4,,,
2025-07-28,Seated Machine Fly,Chest,30.0,kgs,17,,,
2025-07-28,Seated Machine Fly,Chest,40.0,kgs,10,,,
2025-07-28,Seated Machine Fly,Chest,50.0,kgs,4,,,
2025-07-28,Seated Machine Fly,Chest,40.0,kgs,3,,,
2025-07-28,Seated Machine Fly,Chest,20.0,kgs,6,,,
2025-07-28,Cable Lateral Raise (Each Side),Shoulders,1.25,kgs,16,,,
2025-07-28,Cable Lateral Raise (Each Side),Shoulders,3.25,kgs,6,,,
2025-07-28,Cable Lateral Raise (Each Side),Shoulders,2.5,kgs,4,,,
2025-07-28,Cable Lateral Raise (Each Side),Shoulders,1.25,kgs,4,,,
2025-07-28,Cable Lateral Raise (Each Side),Shoulders,2.5,kgs,8,,,
2025-07-28,Cable Lateral Raise (Each Side),Shoulders,3.25,kgs,2,,,
2025-07-28,Cable Lateral Raise (Each Side),Shoulders,2.5,kgs,6,,,
2025-07-28,Cable Lateral Raise (Each Side),Shoulders,1.25,kgs,8,,,
2025-07-28,Lat Pulldown,Back,30.0,kgs,15,,,
2025-07-28,Lat Pulldown,Back,40.0,kgs,8,,,
2025-07-28,Lat Pulldown,Back,45.0,kgs,6,,,
2025-07-28,Lat Pulldown,Back,50.0,kgs,5,,,
2025-07-28,Triceps Pushdown (Easy Cable),Triceps,15.0,kgs,12,,,
2025-07-28,Triceps Pushdown (Easy Cable),Triceps,20.0,kgs,5,,,
2025-07-28,Triceps Pushdown (Easy Cable),Triceps,15.0,kgs,6,,,
2025-07-28,Triceps Pushdown (Easy Cable),Triceps,20.0,kgs,5,,,
2025-07-28,Triceps Pushdown (Easy Cable),Triceps,10.0,kgs,13,,,
2025-07-28,Triceps Pushdown (Easy Cable),Triceps,20.0,kgs,2,,,
2025-07-28,Triceps Pushdown (Easy Cable),Triceps,15.0,kgs,5,,,
2025-07-28,Triceps Pushdown (Easy Cable),Triceps,10.0,kgs,6,,,
2025-07-28,Dumbbell Curl (Each Side),Biceps,10.0,kgs,18,,,
2025-07-28,Dumbbell Curl (Each Side),Biceps,12.0,kgs,4,,,
2025-07-29,Lying Leg Curl Machine,Legs,15.0,kgs,15,,,
2025-07-29,Lying Leg Curl Machine,Legs,20.0,kgs,12,,,
2025-07-29,Lying Leg Curl Machine,Legs,25.0,kgs,10,,,
2025-07-29,Lying Leg Curl Machine,Legs,25.0,kgs,6,,,
2025-07-29,Lying Leg Curl Machine,Legs,15.0,kgs,4,,,
2025-07-29,Squat Machine (Each Side),Legs,20.0,kgs,15,,,
2025-07-29,Squat Machine (Each Side),Legs,40.0,kgs,8,,,
2025-07-29,Squat Machine (Each Side),Legs,60.0,kgs,4,,,
2025-07-29,Dumbbell Curl (Each Side),Biceps,10.0,kgs,12,,,
2025-07-29,Dumbbell Curl (Each Side),Biceps,10.0,kgs,12,,,
2025-07-29,Dumbbell Curl (Each Side),Biceps,10.0,kgs,12,,,
2025-07-29,Cable Lateral Raise (Each Side),Shoulders,2.5,kgs,12,,,
2025-07-29,Cable Lateral Raise (Each Side),Shoulders,3.25,kgs,4,,,
2025-07-29,Cable Lateral Raise (Each Side),Shoulders,2.5,kgs,8,,,
2025-07-31,Cable Lateral Raise (Each Side),Shoulders,1.25,kgs,18,,,
2025-07-31,Cable Lateral Raise (Each Side),Shoulders,2.5,kgs,12,,,
2025-07-31,Cable Lateral Raise (Each Side),Shoulders,3.25,kgs,6,,,
2025-07-31,Cable Lateral Raise (Each Side),Shoulders,2.5,kgs,2,,,
2025-07-31,Cable Lateral Raise (Each Side),Shoulders,1.25,kgs,4,,,
2025-07-31,Overhead Press (Each Side, Dumbbells),Shoulders,10.0,kgs,11,,,
2025-07-31,Overhead Press (Each Side, Dumbbells),Shoulders,12.0,kgs,6,,,
2025-07-31,Overhead Press (Each Side, Dumbbells),Shoulders,12.0,kgs,8,,,
2025-07-31,Overhead Press (Each Side, Dumbbells),Shoulders,14.0,kgs,6,,,
2025-07-31,Triceps Pushdown,Triceps,7.5,kgs,21,,,
2025-07-31,Triceps Pushdown,Triceps,12.0,kgs,12,,,
2025-07-31,Triceps Pushdown,Triceps,15.0,kgs,9,,,
2025-07-31,Triceps Pushdown,Triceps,10.0,kgs,3,,,
2025-07-31,Triceps Pushdown,Triceps,5.0,kgs,4,,,
2025-07-31,Dumbbell Preacher Curl (Each Side),Biceps,8.0,kgs,12,,,
2025-07-31,Dumbbell Preacher Curl (Each Side),Biceps,10.0,kgs,8,,,
2025-07-31,Dumbbell Preacher Curl (Each Side),Biceps,10.0,kgs,8,,,
2025-07-31,Seated Incline Dumbbell Curl (Each Side),Biceps,8.0,kgs,8,,,
2025-07-31,Seated Incline Dumbbell Curl (Each Side),Biceps,8.0,kgs,8,,,
2025-07-31,Seated Incline Dumbbell Curl (Each Side),Biceps,8.0,kgs,8,,,
2025-07-31,Seated Incline Dumbbell Curl (Each Side),Biceps,5.0,kgs,4,,,
2025-07-31,Rear Delt Machine Fly,Shoulders,1.25,kgs,18,,,
2025-07-31,Rear Delt Machine Fly,Shoulders,2.5,kgs,9,,,
2025-07-31,Rear Delt Machine Fly,Shoulders,2.5,kgs,6,,,
2025-07-31,Cable Overhead Triceps Extension,Triceps,10.0,kgs,15,,,
2025-07-31,Cable Overhead Triceps Extension,Triceps,15.0,kgs,8,,,
2025-07-31,Cable Overhead Triceps Extension,Triceps,15.0,kgs,7,,,
2025-07-31,Cable Face Pull,Shoulders,20.0,kgs,8,,,
2025-08-02,Lat Pulldown,Back,35.0,kgs,15,,,
2025-08-02,Lat Pulldown,Back,45.0,kgs,8,,,
2025-08-02,Lat Pulldown,Back,50.0,kgs,5,,,
2025-08-02,Lat Pulldown,Back,30.0,kgs,3,,,
2025-08-02,Lat Pulldown,Back,20.0,kgs,3,,,
2025-08-02,Lat Pulldown,Back,45.0,kgs,5,,,
2025-08-02,Lat Pulldown,Back,20.0,kgs,3,,,
2025-08-02,Machine Row (Each Side),Back,10.0,kgs,20,,,
2025-08-02,Machine Row (Each Side),Back,25.0,kgs,14,,,
2025-08-02,Machine Row (Each Side),Back,35.0,kgs,7,,,
2025-08-02,Machine Row (Each Side),Back,35.0,kgs,4,,,
2025-08-02,Machine Row (Each Side),Back,20.0,kgs,6,,,
2025-08-02,Seated Cable Row,Back,20.0,kgs,15,,,
2025-08-02,Seated Cable Row,Back,30.0,kgs,5,,,
2025-08-02,Wide Grip Seated Row,Back,20.0,kgs,6,,,
2025-08-02,Wide Grip Seated Row,Back,20.0,kgs,12,,,
2025-08-02,Wide Grip Seated Row,Back,20.0,kgs,8,,,
2025-08-02,Incline Chest Press (Each Side),Chest,10.0,kgs,15,,,
2025-08-02,Incline Chest Press (Each Side),Chest,20.0,kgs,8,,,
2025-08-02,Flat Barbell Bench Press (Each Side) (Smith Machine),Chest,10.0,kgs,15,,,
2025-08-02,Flat Barbell Bench Press (Each Side) (Smith Machine),Chest,17.5,kgs,8,,,
2025-08-02,Flat Barbell Bench Press (Each Side) (Smith Machine),Chest,17.5,kgs,8,,,
2025-08-02,Flat Barbell Bench Press (Each Side) (Smith Machine),Chest,10.0,kgs,5,,,
2025-08-02,Incline Chest Press (Each Side),Chest,22.5,kgs,4,,,
2025-08-02,Seated Machine Fly,Chest,25.0,kgs,17,,,
2025-08-02,Seated Machine Fly,Chest,45.0,kgs,8,,,
2025-08-02,Seated Machine Fly,Chest,45.0,kgs,8,,,
2025-08-02,Seated Machine Fly,Chest,30.0,kgs,4,,,
2025-08-02,Seated Machine Fly,Chest,20.0,kgs,3,,,
2025-08-02,Decline Hammer Strength Chest Press(Each Side),Chest,20.0,kgs,15,,,
2025-08-02,Decline Hammer Strength Chest Press(Each Side),Chest,30.0,kgs,6,,,
2025-08-10,Incline Barbell Bench Press Smith Machine (Each Side) (Smith Machine),Chest,5.0,kgs,15,,,
2025-08-10,Incline Barbell Bench Press Smith Machine (Each Side) (Smith Machine),Chest,10.0,kgs,10,,,
2025-08-10,Incline Barbell Bench Press Smith Machine (Each Side) (Smith Machine),Chest,15.0,kgs,6,,,
2025-08-10,Flat Barbell Bench Press (Each Side) (Smith Machine),Chest,15.0,kgs,8,,,
2025-08-10,Flat Barbell Bench Press (Each Side) (Smith Machine),Chest,17.5,kgs,9,,,
2025-08-10,Flat Barbell Bench Press (Each Side) (Smith Machine),Chest,10.0,kgs,5,,,
2025-08-10,Seated Machine Fly,Chest,45.0,kgs,5,,,
2025-08-10,Seated Machine Fly,Chest,30.0,kgs,6,,,
2025-08-10,Seated Machine Fly,Chest,40.0,kgs,8,,,
2025-08-10,Seated Machine Fly,Chest,20.0,kgs,6,,,
2025-08-10,Lat Pulldown,Back,30.0,kgs,12,,,
2025-08-10,Lat Pulldown,Back,40.0,kgs,12,,,
2025-08-10,Lat Pulldown,Back,55.0,kgs,7,,,
2025-08-10,Lat Pulldown,Back,30.0,kgs,5,,,
2025-08-10,Lat Pulldown,Back,20.0,kgs,3,,,
2025-08-10,Seated Cable Row,Back,30.0,kgs,10,,,
2025-08-10,Seated Cable Row,Back,35.0,kgs,5,,,
2025-08-10,Cable Lateral Raise (Each Side),Shoulders,2.5,kgs,12,,,
2025-08-10,Cable Lateral Raise (Each Side),Shoulders,3.25,kgs,7,,,
2025-08-10,Cable Lateral Raise (Each Side),Shoulders,2.5,kgs,4,,,
2025-08-10,Cable Lateral Raise (Each Side),Shoulders,1.25,kgs,4,,,
2025-08-10,Cable Overhead Triceps Extension,Triceps,10.0,kgs,15,,,
2025-08-10,Cable Overhead Triceps Extension,Triceps,15.0,kgs,8,,,
2025-08-10,Cable Overhead Triceps Extension,Triceps,10.0,kgs,4,,,
2025-08-10,Dumbbell Curl (Each Side),Biceps,10.0,kgs,12,,,
2025-08-10,Dumbbell Curl (Each Side),Biceps,12.0,kgs,4,,,
2025-08-14,Triceps Pushdown,Triceps,10.0,kgs,12,,,
2025-08-14,Triceps Pushdown,Triceps,12.0,kgs,12,,,
2025-08-14,Triceps Pushdown,Triceps,15.0,kgs,6,,,
2025-08-14,Triceps Pushdown,Triceps,15.0,kgs,9,,,
2025-08-14,Triceps Pushdown,Triceps,10.0,kgs,4,,,
2025-08-14,Triceps Pushdown,Triceps,5.0,kgs,6,,,
2025-08-14,Cable Overhead Triceps Extension,Triceps,10.0,kgs,12,,,
2025-08-14,Cable Overhead Triceps Extension,Triceps,15.0,kgs,5,,,
2025-08-14,Cable Overhead Triceps Extension,Triceps,10.0,kgs,8,,,
2025-08-14,Seated Incline Dumbbell Curl (Each Side),Biceps,8.0,kgs,14,,,
2025-08-14,Seated Incline Dumbbell Curl (Each Side),Biceps,10.0,kgs,3,,,
2025-08-14,Seated Incline Dumbbell Curl (Each Side),Biceps,8.0,kgs,4,,,
2025-08-14,Seated Incline Dumbbell Curl (Each Side),Biceps,8.0,kgs,6,,,
2025-08-14,Cable Lateral Raise (Each Side),Shoulders,2.5,kgs,12,,,
2025-08-14,Cable Lateral Raise (Each Side),Shoulders,3.25,kgs,7,,,
2025-08-14,Cable Lateral Raise (Each Side),Shoulders,3.25,kgs,9,,,
2025-08-14,Rear Delt Cable Pull (Each Side),Shoulders,1.25,kgs,12,,,
2025-08-14,Rear Delt Cable Pull (Each Side),Shoulders,2.5,kgs,7,,,
2025-08-14,Rear Delt Cable Pull (Each Side),Shoulders,1.25,kgs,5,,,
2025-08-14,Dumbbell Preacher Curl (Each Side),Biceps,6.0,kgs,15,,,
2025-08-14,Dumbbell Hammer Curl (Each Side),Biceps,10.0,kgs,8,,,
2025-08-14,Dumbbell Preacher Curl (Each Side),Biceps,10.0,kgs,6,,,
2025-08-14,Dumbbell Preacher Curl (Each Side),Biceps,10.0,kgs,2,,,
2025-08-14,Dumbbell Preacher Curl (Each Side),Biceps,6.0,kgs,5,,,
2025-08-14,Dumbbell Hammer Curl (Each Side),Biceps,10.0,kgs,6,,,
2025-08-15,Leg Extension Machine,Legs,30.0,kgs,12,,,
2025-08-15,Leg Extension Machine,Legs,50.0,kgs,12,,,
2025-08-15,Leg Extension Machine,Legs,60.0,kgs,9,,,
2025-08-15,Leg Extension Machine,Legs,65.0,kgs,8,,,
2025-08-15,Leg Extension Machine,Legs,30.0,kgs,4,,,
2025-08-15,Leg Extension Machine,Legs,20.0,kgs,4,,,
2025-08-15,Leg Extension Machine,Legs,10.0,kgs,4,,,
2025-08-15,Lying Leg Curl Machine,Legs,15.0,kgs,15,,,
2025-08-15,Lying Leg Curl Machine,Legs,25.0,kgs,8,,,
2025-08-15,Lying Leg Curl Machine,Legs,20.0,kgs,3,,,
2025-08-15,Lying Leg Curl Machine,Legs,25.0,kgs,8,,,
2025-08-15,Lying Leg Curl Machine,Legs,15.0,kgs,4,,,
2025-08-15,Lying Leg Curl Machine,Legs,10.0,kgs,2,,,
2025-08-15,Seated Calf Raise Machine (Each Side),Legs,5.0,kgs,15,,,
2025-08-15,Seated Calf Raise Machine (Each Side),Legs,10.0,kgs,8,,,
2025-08-15,Seated Calf Raise Machine (Each Side),Legs,15.0,kgs,6,,,
2025-08-15,Seated Calf Raise Machine (Each Side),Legs,10.0,kgs,4,,,
2025-08-15,Seated Calf Raise Machine (Each Side),Legs,5.0,kgs,6,,,
2025-08-16,Incline Barbell Bench Press Smith Machine (Each Side) (Smith Machine),Chest,5.0,kgs,12,,,
2025-08-16,Incline Barbell Bench Press Smith Machine (Each Side) (Smith Machine),Chest,10.0,kgs,14,,,
2025-08-16,Incline Barbell Bench Press Smith Machine (Each Side) (Smith Machine),Chest,15.0,kgs,8,,,
2025-08-16,Incline Barbell Bench Press Smith Machine (Each Side) (Smith Machine),Chest,10.0,kgs,4,,,
2025-08-16,Flat Barbell Bench Press (Each Side) (Smith Machine),Chest,10.0,kgs,8,,,
2025-08-16,Flat Barbell Bench Press (Each Side) (Smith Machine),Chest,20.0,kgs,7,,,
2025-08-16,Flat Barbell Bench Press (Each Side) (Smith Machine),Chest,10.0,kgs,4,,,
2025-08-16,Seated Machine Fly,Chest,40.0,kgs,7,,,
2025-08-16,Seated Machine Fly,Chest,45.0,kgs,8,,,
2025-08-16,Lat Pulldown,Back,40.0,kgs,12,,,
2025-08-16,Lat Pulldown,Back,55.0,kgs,6,,,
2025-08-16,Lat Pulldown,Back,55.0,kgs,7,,,
2025-08-16,Lat Pulldown,Back,30.0,kgs,5,,,
2025-08-16,Machine Row (Each Side),Back,15.0,kgs,15,,,
2025-08-16,Machine Row (Each Side),Back,25.0,kgs,10,,,
2025-08-16,Machine Row (Each Side),Back,30.0,kgs,10,,,
2025-08-16,Machine Row (Each Side),Back,15.0,kgs,5,,,
2025-08-16,Dumbbell Curl (Each Side),Biceps,10.0,kgs,14,,,
2025-08-16,Dumbbell Curl (Each Side),Biceps,12.0,kgs,3,,,
2025-08-16,Dumbbell Curl (Each Side),Biceps,10.0,kgs,5,,,
2025-08-18,Incline Chest Press (Each Side),Chest,10.0,kgs,15,,,
2025-08-18,Incline Chest Press (Each Side),Chest,20.0,kgs,8,,,
2025-08-18,Incline Chest Press (Each Side),Chest,25.0,kgs,6,,,
2025-08-18,Incline Chest Press (Each Side),Chest,10.0,kgs,6,,,
2025-08-18,Decline Hammer Strength Chest Press(Each Side),Chest,40.0,kgs,8,,,
2025-08-18,Decline Hammer Strength Chest Press(Each Side),Chest,40.0,kgs,8,,,
2025-08-18,Seated Machine Fly,Chest,40.0,kgs,12,,,
2025-08-18,Seated Machine Fly,Chest,50.0,kgs,9,,,
2025-08-18,Lat Pulldown,Back,30.0,kgs,15,,,
2025-08-18,Lat Pulldown,Back,40.0,kgs,8,,,
2025-08-18,Lat Pulldown,Back,50.0,kgs,9,,,
2025-08-18,Seated Cable Row,Back,25.0,kgs,15,,,
2025-08-18,Seated Cable Row,Back,35.0,kgs,6,,,
2025-08-18,Cable Lateral Raise (Each Side),Shoulders,1.25,kgs,15,,,
2025-08-18,Cable Lateral Raise (Each Side),Shoulders,2.5,kgs,15,,,
2025-08-18,Cable Lateral Raise (Each Side),Shoulders,3.25,kgs,10,,,
2025-08-18,Cable Lateral Raise (Each Side),Shoulders,2.5,kgs,4,,,
2025-08-18,Cable Lateral Raise (Each Side),Shoulders,1.25,kgs,4,,,
2025-08-18,Triceps Pushdown,Triceps,10.0,kgs,15,,,
2025-08-18,Triceps Pushdown,Triceps,15.0,kgs,10,,,
2025-08-18,Triceps Pushdown,Triceps,17.0,kgs,6,,,
2025-08-18,Triceps Pushdown,Triceps,10.0,kgs,3,,,
2025-08-18,Triceps Pushdown,Triceps,5.0,kgs,4,,,
2025-08-18,Dumbbell Curl (Each Side),Biceps,8.0,kgs,17,,,
2025-08-18,Dumbbell Curl (Each Side),Biceps,10.0,kgs,10,,,
2025-08-23,Seated Incline Dumbbell Curl (Each Side),Biceps,8.0,kgs,6,,,
2025-08-23,Seated Incline Dumbbell Curl (Each Side),Biceps,8.0,kgs,10,,,
2025-08-23,Seated Incline Dumbbell Curl (Each Side),Biceps,8.0,kgs,6,,,
2025-08-23,Seated Incline Dumbbell Curl (Each Side),Biceps,8.0,kgs,7,,,
2025-08-23,Dumbbell Preacher Curl (Each Side),Biceps,8.0,kgs,10,,,
2025-08-23,Dumbbell Preacher Curl (Each Side),Biceps,10.0,kgs,6,,,
2025-08-23,Dumbbell Preacher Curl (Each Side),Biceps,8.0,kgs,5,,,
2025-08-23,Dumbbell Preacher Curl (Each Side),Biceps,10.0,kgs,8,,,
2025-08-23,Dumbbell Preacher Curl (Each Side),Biceps,8.0,kgs,3,,,
2025-08-23,Rope Curls (Each Side),Biceps,7.5,kgs,12,,,
2025-08-23,Rope Curls (Each Side),Biceps,10.0,kgs,6,,,
2025-08-23,Rope Curls (Each Side),Biceps,5.0,kgs,3,,,
2025-08-23,Cable Lateral Raise (Each Side),Shoulders,1.25,kgs,15,,,
2025-08-23,Cable Lateral Raise (Each Side),Shoulders,2.5,kgs,15,,,
2025-08-23,Cable Lateral Raise (Each Side),Shoulders,3.75,kgs,7,,,
2025-08-23,Cable Lateral Raise (Each Side),Shoulders,2.5,kgs,2,,,
2025-08-23,Cable Lateral Raise (Each Side),Shoulders,1.25,kgs,4,,,
2025-08-23,Overhead Press (Each Side, Dumbbells),Shoulders,8.0,kgs,12,,,
2025-08-23,Overhead Press (Each Side, Dumbbells),Shoulders,12.0,kgs,7,,,
2025-08-23,Overhead Press (Each Side, Dumbbells),Shoulders,12.0,kgs,6,,,
2025-08-23,Overhead Press (Each Side, Dumbbells),Shoulders,12.0,kgs,8,,,
2025-08-23,Triceps Pushdown,Triceps,10.0,kgs,21,,,
2025-08-23,Triceps Pushdown,Triceps,15.0,kgs,8,,,
2025-08-23,Triceps Pushdown,Triceps,15.0,kgs,11,,,
2025-08-23,Triceps Pushdown,Triceps,7.5,kgs,4,,,
2025-08-23,Rope Push Down,Triceps,5.0,kgs,6,,,
2025-08-23,Rope Push Down,Triceps,7.5,kgs,6,,,
2025-08-23,Rope Push Down,Triceps,10.0,kgs,6,,,
2025-08-23,Cable Overhead Triceps Extension,Triceps,10.0,kgs,8,,,
2025-08-23,Cable Overhead Triceps Extension,Triceps,15.0,kgs,4,,,
2025-08-23,Cable Overhead Triceps Extension,Triceps,10.0,kgs,4,,,
2025-08-25,Incline Chest Press (Each Side),Chest,10.0,kgs,15,,,
2025-08-25,Incline Chest Press (Each Side),Chest,15.0,kgs,11,,,
2025-08-25,Incline Chest Press (Each Side),Chest,25.0,kgs,7,,,
2025-08-25,Incline Chest Press (Each Side),Chest,15.0,kgs,2,,,
2025-08-25,Seated Machine Fly,Chest,45.0,kgs,12,,,
2025-08-25,Seated Machine Fly,Chest,50.0,kgs,6,,,
2025-08-25,Seated Machine Fly,Chest,55.0,kgs,8,,,
2025-08-25,Lat Pulldown,Back,35.0,kgs,12,,,
2025-08-25,Lat Pulldown,Back,45.0,kgs,8,,,
2025-08-25,Lat Pulldown,Back,50.0,kgs,8,,,
2025-08-25,Lat Pulldown,Back,35.0,kgs,5,,,
2025-08-25,Seated Cable Row,Back,20.0,kgs,15,,,
2025-08-25,Seated Cable Row,Back,30.0,kgs,8,,,
2025-08-25,Seated Cable Row,Back,35.0,kgs,6,,,
2025-08-25,Seated Cable Row,Back,20.0,kgs,4,,,
2025-08-25,Machine Row (Each Side),Back,20.0,kgs,15,,,
2025-08-25,Machine Row (Each Side),Back,30.0,kgs,8,,,
2025-08-25,Machine Row (Each Side),Back,35.0,kgs,6,,,
2025-08-25,Machine Row (Each Side),Back,20.0,kgs,6,,,
2025-08-25,Seated Incline Dumbbell Curl (Each Side),Biceps,8.0,kgs,7,,,
2025-08-25,Seated Incline Dumbbell Curl (Each Side),Biceps,8.0,kgs,10,,,
2025-08-27,Bench Press (With Bar, Each Side),Chest,5.0,kgs,15,,,
2025-08-27,Bench Press (With Bar, Each Side),Chest,10.0,kgs,10,,,
2025-08-27,Bench Press (With Bar, Each Side),Chest,12.5,kgs,8,,,
2025-08-27,Bench Press (With Bar, Each Side),Chest,10.0,kgs,2,,,
2025-08-27,Bench Press (With Bar, Each Side),Chest,7.5,kgs,3,,,
2025-08-27,Bench Press (With Bar, Each Side),Chest,5.0,kgs,3,,,
2025-08-27,Incline Chest Press (Each Side),Chest,10.0,kgs,16,,,
2025-08-27,Incline Chest Press (Each Side),Chest,25.0,kgs,4,,,
2025-08-27,Incline Chest Press (Each Side),Chest,10.0,kgs,5,,,
2025-08-27,Seated Cable Row,Back,15.0,kgs,20,,,
2025-08-27,Seated Cable Row,Back,30.0,kgs,12,,,
2025-08-27,Seated Cable Row,Back,35.0,kgs,8,,,
2025-08-27,Lat Pulldown,Back,35.0,kgs,15,,,
2025-08-27,Lat Pulldown,Back,45.0,kgs,8,,,
2025-08-27,Seated Machine Fly,Chest,40.0,kgs,12,,,
2025-08-27,Seated Machine Fly,Chest,45.0,kgs,6,,,
2025-08-27,Cable Lateral Raise (Each Side),Shoulders,1.25,kgs,18,,,
2025-08-27,Cable Lateral Raise (Each Side),Shoulders,2.5,kgs,12,,,
2025-08-27,Cable Lateral Raise (Each Side),Shoulders,3.75,kgs,8,,,
2025-08-27,Triceps Pushdown (Easy Cable),Triceps,15.0,kgs,15,,,
2025-08-27,Triceps Pushdown (Easy Cable),Triceps,20.0,kgs,6,,,
2025-08-27,Dumbbell Curl (Each Side),Biceps,10.0,kgs,13,,,
2025-08-27,Dumbbell Curl (Each Side),Biceps,12.0,kgs,6,,,
2025-08-29,Leg Extension Machine,Legs,20.0,kgs,12,,,
2025-08-29,Leg Extension Machine,Legs,35.0,kgs,12,,,
2025-08-29,Leg Extension Machine,Legs,45.0,kgs,12,,,
2025-08-29,Leg Extension Machine,Legs,65.0,kgs,9,,,
2025-08-29,Walking Lunges (Each Side),Legs,12.0,kgs,8,,,
2025-08-29,Walking Lunges (Each Side),Legs,12.0,kgs,8,,,
2025-08-29,Walking Lunges (Each Side),Legs,12.0,kgs,8,,,
2025-08-29,Leg Press Machine,Legs,20.0,kgs,20,,,
2025-08-29,Leg Press Machine,Legs,70.0,kgs,12,,,
2025-08-29,Leg Press Machine,Legs,80.0,kgs,6,,,
2025-08-29,Lying Leg Curl Machine,Legs,15.0,kgs,20,,,
2025-08-29,Lying Leg Curl Machine,Legs,25.0,kgs,10,,,
2025-08-29,Lying Leg Curl Machine,Legs,25.0,kgs,8,,,
2025-08-29,Standing Calf Raise Machine,Legs,20.0,kgs,15,,,
2025-08-29,Standing Calf Raise Machine,Legs,25.0,kgs,12,,,
2025-08-29,Standing Calf Raise Machine,Legs,30.0,kgs,8,,,
2025-08-30,Dumbbell Curl (Each Side),Biceps,8.0,kgs,22,,,
2025-08-30,Seated Incline Dumbbell Curl (Each Side),Biceps,8.0,kgs,10,,,
2025-08-30,Seated Incline Dumbbell Curl (Each Side),Biceps,10.0,kgs,5,,,
2025-08-30,Seated Incline Dumbbell Curl (Each Side),Biceps,10.0,kgs,3,,,
2025-08-30,Seated Incline Dumbbell Curl (Each Side),Biceps,10.0,kgs,3,,,
2025-08-30,Dumbbell Hammer Curl (Each Side),Biceps,8.0,kgs,15,,,
2025-08-30,Dumbbell Hammer Curl (Each Side),Biceps,10.0,kgs,10,,,
2025-08-30,Cable Lateral Raise (Each Side),Shoulders,2.5,kgs,12,,,
2025-08-30,Cable Lateral Raise (Each Side),Shoulders,3.25,kgs,8,,,
2025-08-30,Cable Lateral Raise (Each Side),Shoulders,3.25,kgs,6,,,
2025-08-30,Triceps Pushdown,Triceps,12.0,kgs,10,,,
2025-08-30,Triceps Pushdown,Triceps,15.0,kgs,6,,,
2025-08-30,Triceps Pushdown,Triceps,17.0,kgs,4,,,
2025-08-30,Cable Overhead Triceps Extension,Triceps,10.0,kgs,10,,,
2025-08-30,Cable Overhead Triceps Extension,Triceps,15.0,kgs,6,,,
2025-08-30,Dumbbell Curl (Each Side),Biceps,10.0,kgs,12,,,
2025-08-30,Dumbbell Curl (Each Side),Biceps,12.0,kgs,5,,,
2025-09-02,Bench Press (With Bar, Each Side),Chest,5.0,kgs,10,,,
2025-09-02,Bench Press (With Bar, Each Side),Chest,15.0,kgs,7,,,
2025-09-02,Bench Press (With Bar, Each Side),Chest,15.0,kgs,7,,,
2025-09-02,Incline Barbell Bench Press Smith Machine (Each Side) (Smith Machine),Chest,10.0,kgs,12,,,
2025-09-02,Incline Barbell Bench Press Smith Machine (Each Side) (Smith Machine),Chest,17.5,kgs,4,,,
2025-09-02,Incline Barbell Bench Press Smith Machine (Each Side) (Smith Machine),Chest,17.5,kgs,6,,,
2025-09-02,Seated Machine Fly,Chest,30.0,kgs,20,,,
2025-09-02,Seated Machine Fly,Chest,55.0,kgs,4,,,
2025-09-02,Seated Machine Fly,Chest,45.0,kgs,4,,,
2025-09-02,Seated Machine Fly,Chest,45.0,kgs,7,,,
2025-09-02,Machine Row (Each Side),Back,15.0,kgs,16,,,
2025-09-02,Machine Row (Each Side),Back,25.0,kgs,12,,,
2025-09-02,Machine Row (Each Side),Back,35.0,kgs,8,,,
2025-09-02,Seated Cable Row,Back,25.0,kgs,14,,,
2025-09-02,Seated Cable Row,Back,35.0,kgs,7,,,
2025-09-02,Seated Cable Row,Back,35.0,kgs,7,,,
2025-09-02,Dumbbell Curl (Each Side),Biceps,10.0,kgs,12,,,
2025-09-02,Dumbbell Curl (Each Side),Biceps,12.0,kgs,6,,,
2025-09-03,Leg Extension Machine,Legs,20.0,kgs,15,,,
2025-09-03,Leg Extension Machine,Legs,35.0,kgs,14,,,
2025-09-03,Leg Extension Machine,Legs,45.0,kgs,14,,,
2025-09-03,Leg Extension Machine,Legs,75.0,kgs,7,,,
2025-09-03,Squat Machine (Each Side),Legs,20.0,kgs,12,,,
2025-09-03,Squat Machine (Each Side),Legs,40.0,kgs,8,,,
2025-09-03,Squat Machine (Each Side),Legs,50.0,kgs,6,,,
2025-09-03,Lying Leg Curl Machine,Legs,15.0,kgs,16,,,
2025-09-03,Lying Leg Curl Machine,Legs,20.0,kgs,12,,,
2025-09-03,Lying Leg Curl Machine,Legs,25.0,kgs,7,,,
2025-09-03,Seated Calf Raise Machine (Each Side),Legs,5.0,kgs,16,,,
2025-09-03,Seated Calf Raise Machine (Each Side),Legs,10.0,kgs,12,,,
2025-09-03,Seated Calf Raise Machine (Each Side),Legs,15.0,kgs,8,,,
2025-09-03,Seated Calf Raise Machine (Each Side),Legs,17.5,kgs,5,,,
2025-09-03,Standing Calf Raise Machine,Legs,20.0,kgs,13,,,
2025-09-03,Standing Calf Raise Machine,Legs,30.0,kgs,9,,,
2025-09-03,Standing Calf Raise Machine,Legs,35.0,kgs,8,,,
2025-09-04,Cable Lateral Raise (Each Side),Shoulders,2.5,kgs,12,,,
2025-09-04,Cable Lateral Raise (Each Side),Shoulders,3.25,kgs,8,,,
2025-09-04,Lateral Dumbbell Raise (Each Side),Shoulders,6.0,kgs,12,,,
2025-09-04,Lateral Dumbbell Raise (Each Side),Shoulders,8.0,kgs,6,,,
2025-09-04,Overhead Press (Each Side, Dumbbells),Shoulders,10.0,kgs,12,,,
2025-09-04,Overhead Press (Each Side, Dumbbells),Shoulders,12.0,kgs,8,,,
2025-09-04,Overhead Press (Each Side, Dumbbells),Shoulders,14.0,kgs,6,,,
2025-09-04,Overhead Press (Each Side, Dumbbells),Shoulders,14.0,kgs,7,,,
2025-09-04,Seated Incline Dumbbell Curl (Each Side),Biceps,8.0,kgs,14,,,
2025-09-04,Seated Incline Dumbbell Curl (Each Side),Biceps,10.0,kgs,6,,,
2025-09-04,Seated Incline Dumbbell Curl (Each Side),Biceps,10.0,kgs,7,,,
2025-09-04,Triceps Pushdown,Triceps,10.0,kgs,16,,,
2025-09-04,Triceps Pushdown,Triceps,12.0,kgs,12,,,
2025-09-04,Triceps Pushdown,Triceps,15.0,kgs,8,,,
2025-09-04,Cable Overhead Triceps Extension,Triceps,10.0,kgs,12,,,
2025-09-04,Cable Overhead Triceps Extension,Triceps,15.0,kgs,5,,,
2025-09-04,Cable Overhead Triceps Extension,Triceps,10.0,kgs,10,,,
2025-09-04,Dumbbell Preacher Curl (Each Side),Biceps,8.0,kgs,12,,,
2025-09-04,Dumbbell Preacher Curl (Each Side),Biceps,10.0,kgs,8,,,
2025-09-04,Dumbbell Hammer Curl (Each Side),Biceps,8.0,kgs,8,,,
2025-09-04,Dumbbell Hammer Curl (Each Side),Biceps,10.0,kgs,6,,,
2025-09-06,Flat Barbell Bench Press (Each Side) (Smith Machine),Chest,10.0,kgs,16,,,
2025-09-06,Flat Barbell Bench Press (Each Side) (Smith Machine),Chest,17.5,kgs,8,,,
2025-09-06,Flat Barbell Bench Press (Each Side) (Smith Machine),Chest,15.0,kgs,12,,,
2025-09-06,Flat Barbell Bench Press (Each Side) (Smith Machine),Chest,17.5,kgs,8,,,
2025-09-06,Incline Barbell Bench Press Smith Machine (Each Side) (Smith Machine),Chest,10.0,kgs,12,,,
2025-09-06,Incline Barbell Bench Press Smith Machine (Each Side) (Smith Machine),Chest,15.0,kgs,6,,,
2025-09-06,Seated Machine Fly,Chest,30.0,kgs,15,,,
2025-09-06,Seated Machine Fly,Chest,45.0,kgs,5,,,
2025-09-06,Seated Cable Row,Back,25.0,kgs,16,,,
2025-09-06,Seated Cable Row,Back,30.0,kgs,12,,,
2025-09-06,Seated Cable Row,Back,35.0,kgs,9,,,
2025-09-06,Lat Pulldown,Back,30.0,kgs,15,,,
2025-09-06,Lat Pulldown,Back,40.0,kgs,8,,,
2025-09-06,Lat Pulldown,Back,45.0,kgs,6,,,
2025-09-06,Cable Lateral Raise (Each Side),Shoulders,1.25,kgs,15,,,
2025-09-06,Cable Lateral Raise (Each Side),Shoulders,2.5,kgs,12,,,
2025-09-06,Cable Lateral Raise (Each Side),Shoulders,3.25,kgs,8,,,
2025-09-06,Cable Overhead Triceps Extension,Triceps,10.0,kgs,15,,,
2025-09-06,Cable Overhead Triceps Extension,Triceps,15.0,kgs,10,,,
2025-09-06,Cable Overhead Triceps Extension,Triceps,15.0,kgs,8,,,
2025-09-06,Dumbbell Curl (Each Side),Biceps,10.0,kgs,10,,,
2025-09-06,Dumbbell Curl (Each Side),Biceps,10.0,kgs,12,,,
2025-09-06,Dumbbell Curl (Each Side),Biceps,12.0,kgs,6,,,
2025-09-07,Walking Lunges (Each Side),Legs,12.0,kgs,12,,,
2025-09-07,Walking Lunges (Each Side),Legs,12.0,kgs,14,,,
2025-09-07,Walking Lunges (Each Side),Legs,12.0,kgs,10,,,
2025-09-07,Barbell Squat (Each Side),Legs,5.0,kgs,10,,,
2025-09-07,Barbell Squat (Each Side),Legs,7.5,kgs,12,,,
2025-09-07,Barbell Squat (Each Side),Legs,10.0,kgs,8,,,
2025-09-07,Barbell Squat (Each Side),Legs,12.5,kgs,8,,,
2025-09-07,Squat Machine (Each Side),Legs,20.0,kgs,12,,,
2025-09-07,Squat Machine (Each Side),Legs,40.0,kgs,8,,,
2025-09-07,Squat Machine (Each Side),Legs,50.0,kgs,8,,,
2025-09-07,Leg Press Machine,Legs,30.0,kgs,14,,,
2025-09-07,Leg Press Machine,Legs,70.0,kgs,12,,,
2025-09-07,Leg Press Machine,Legs,80.0,kgs,7,,,
2025-09-07,Standing Calf Raise Machine,Legs,20.0,kgs,14,,,
2025-09-07,Standing Calf Raise Machine,Legs,30.0,kgs,12,,,
2025-09-07,Standing Calf Raise Machine,Legs,40.0,kgs,9,,,
2025-09-07,Frontier Forearms (Kittie),Forearms,10.0,kgs,25,,,
2025-09-07,Frontier Forearms (Kittie),Forearms,15.0,kgs,15,,,
2025-09-07,Frontier Forearms (Kittie),Forearms,15.0,kgs,8,,,
2025-09-07,Frontier Forearms (Kittie),Forearms,10.0,kgs,12,,,
2025-09-07,Dumbbell Back Forearms (Each Side),Forearms,6.0,kgs,12,,,
2025-09-07,Dumbbell Back Forearms (Each Side),Forearms,6.0,kgs,18,,,
2025-09-07,Dumbbell Back Forearms (Each Side),Forearms,6.0,kgs,24,,,
2025-09-09,Overhead Press (Each Side, Dumbbells),Shoulders,10.0,kgs,15,,,
2025-09-09,Overhead Press (Each Side, Dumbbells),Shoulders,12.0,kgs,12,,,
2025-09-09,Overhead Press (Each Side, Dumbbells),Shoulders,14.0,kgs,8,,,
2025-09-09,Overhead Press (Each Side, Dumbbells),Shoulders,16.0,kgs,2,,,
2025-09-09,Cable Lateral Raise (Each Side),Shoulders,1.25,kgs,20,,,
2025-09-09,Cable Lateral Raise (Each Side),Shoulders,2.5,kgs,12,,,
2025-09-09,Cable Lateral Raise (Each Side),Shoulders,3.25,kgs,9,,,
2025-09-09,Rear Delt Pulling (Each Side, Cable In Front Of Eyes Area),Shoulders,1.25,kgs,12,,,
2025-09-09,Rear Delt Pulling (Each Side, Cable In Front Of Eyes Area),Shoulders,2.5,kgs,8,,,
2025-09-09,Dumbbell Preacher Curl (Each Side),Biceps,8.0,kgs,15,,,
2025-09-09,Dumbbell Preacher Curl (Each Side),Biceps,10.0,kgs,8,,,
2025-09-09,Dumbbell Preacher Curl (Each Side),Biceps,10.0,kgs,10,,,
2025-09-09,Seated Incline Dumbbell Curl (Each Side),Biceps,8.0,kgs,14,,,
2025-09-09,Seated Incline Dumbbell Curl (Each Side),Biceps,10.0,kgs,4,,,
2025-09-09,Dumbbell Hammer Curl (Each Side),Biceps,8.0,kgs,12,,,
2025-09-09,Cable Overhead Triceps Extension,Triceps,10.0,kgs,20,,,
2025-09-09,Cable Overhead Triceps Extension,Triceps,15.0,kgs,13,,,
2025-09-09,Cable Overhead Triceps Extension,Triceps,15.0,kgs,12,,,
2025-09-09,Rope Push Down,Triceps,10.0,kgs,14,,,
2025-09-09,Rope Push Down,Triceps,15.0,kgs,4,,,
2025-09-09,Reverse Triceps Cable Pushdown,Triceps,10.0,kgs,14,,,
2025-09-09,Reverse Triceps Cable Pushdown,Triceps,15.0,kgs,9,,,
2025-09-09,Triceps Pushdown (Easy Cable),Triceps,15.0,kgs,10,,,
2025-09-09,Triceps Pushdown (Easy Cable),Triceps,15.0,kgs,8,,,
2025-09-11,Incline Chest Press (Each Side),Chest,10.0,kgs,15,,,
2025-09-11,Incline Chest Press (Each Side),Chest,20.0,kgs,10,,,
2025-09-11,Incline Chest Press (Each Side),Chest,25.0,kgs,4,,,
2025-09-11,Flat Barbell Bench Press (Each Side) (Smith Machine),Chest,10.0,kgs,12,,,
2025-09-11,Flat Barbell Bench Press (Each Side) (Smith Machine),Chest,17.5,kgs,8,,,
2025-09-11,Flat Barbell Bench Press (Each Side) (Smith Machine),Chest,20.0,kgs,5,,,
2025-09-11,Seated Machine Fly,Chest,30.0,kgs,12,,,
2025-09-11,Lat Pulldown,Back,35.0,kgs,15,,,
2025-09-11,Lat Pulldown,Back,45.0,kgs,8,,,
2025-09-11,Lat Pulldown,Back,55.0,kgs,5,,,
2025-09-11,Seated Cable Row,Back,20.0,kgs,15,,,
2025-09-11,Seated Cable Row,Back,35.0,kgs,10,,,
2025-09-11,Seated Cable Row,Back,40.0,kgs,4,,,
2025-09-11,Dumbbell Curl (Each Side),Biceps,12.0,kgs,6,,,
2025-09-12,Barbell Squat (Each Side),Legs,10.0,kgs,10,,,
2025-09-12,Barbell Squat (Each Side),Legs,15.0,kgs,6,,,
2025-09-12,Romanian Deadlift,Legs,8.0,kgs,12,,,
2025-09-12,Romanian Deadlift,Legs,12.0,kgs,8,,,
2025-09-12,Romanian Deadlift,Legs,12.0,kgs,10,,,
2025-09-12,Lying Leg Curl Machine,Legs,15.0,kgs,15,,,
2025-09-12,Lying Leg Curl Machine,Legs,20.0,kgs,12,,,
2025-09-12,Lying Leg Curl Machine,Legs,25.0,kgs,12,,,
2025-09-12,Seated Leg Curl Machine,Legs,25.0,kgs,22,,,
2025-09-12,Seated Leg Curl Machine,Legs,35.0,kgs,9,,,
2025-09-12,Standing Calf Raise Machine,Legs,20.0,kgs,12,,,
2025-09-12,Seated Leg Curl Machine,Legs,40.0,kgs,6,,,
2025-09-12,Standing Calf Raise Machine,Legs,30.0,kgs,12,,,
2025-09-12,Standing Calf Raise Machine,Legs,40.0,kgs,12,,,
2025-09-12,Seated Calf Raise Machine (Each Side),Legs,5.0,kgs,14,,,
2025-09-12,Seated Calf Raise Machine (Each Side),Legs,10.0,kgs,12,,,
2025-09-12,Seated Calf Raise Machine (Each Side),Legs,17.5,kgs,6,,,
2025-09-13,Flat Barbell Bench Press (Each Side) (Smith Machine),Chest,10.0,kgs,15,,,
2025-09-13,Flat Barbell Bench Press (Each Side) (Smith Machine),Chest,17.5,kgs,10,,,
2025-09-13,Flat Barbell Bench Press (Each Side) (Smith Machine),Chest,20.0,kgs,8,,,
2025-09-13,Incline Chest Press (Each Side),Chest,10.0,kgs,15,,,
2025-09-13,Incline Chest Press (Each Side),Chest,25.0,kgs,6,,,
2025-09-13,Overhead Press (Each Side, Dumbbells),Shoulders,10.0,kgs,12,,,
2025-09-13,Overhead Press (Each Side, Dumbbells),Shoulders,12.0,kgs,9,,,
2025-09-13,Overhead Press (Each Side, Dumbbells),Shoulders,14.0,kgs,7,,,
2025-09-13,Overhead Press (Each Side, Dumbbells),Shoulders,16.0,kgs,3,,,
2025-09-13,Lat Pulldown,Back,35.0,kgs,12,,,
2025-09-13,Lat Pulldown,Back,45.0,kgs,8,,,
2025-09-13,Lat Pulldown,Back,55.0,kgs,6,,,
2025-09-13,Machine Row (Each Side),Back,10.0,kgs,16,,,
2025-09-13,Machine Row (Each Side),Back,20.0,kgs,15,,,
2025-09-13,Machine Row (Each Side),Back,35.0,kgs,8,,,
2025-09-13,Cable Lateral Raise (Each Side),Shoulders,2.5,kgs,15,,,
2025-09-13,Cable Lateral Raise (Each Side),Shoulders,3.25,kgs,8,,,
2025-09-13,Cable Lateral Raise (Each Side),Shoulders,3.25,kgs,6,,,
2025-09-13,Cable Overhead Triceps Extension,Triceps,10.0,kgs,15,,,
2025-09-13,Cable Overhead Triceps Extension,Triceps,15.0,kgs,14,,,
2025-09-13,Dumbbell Curl (Each Side),Biceps,8.0,kgs,15,,,
2025-09-13,Dumbbell Curl (Each Side),Biceps,10.0,kgs,10,,,
2025-09-13,Dumbbell Curl (Each Side),Biceps,12.0,kgs,7,,,
2025-09-14,Barbell Squat (Each Side),Legs,10.0,kgs,12,,,
2025-09-14,Barbell Squat (Each Side),Legs,15.0,kgs,10,,,
2025-09-14,Barbell Squat (Each Side),Legs,20.0,kgs,5,,,
2025-09-14,Seated Calf Raise Machine (Each Side),Legs,5.0,kgs,12,,,
2025-09-14,Seated Calf Raise Machine (Each Side),Legs,10.0,kgs,10,,,
2025-09-14,Seated Calf Raise Machine (Each Side),Legs,17.5,kgs,7,,,
2025-09-14,Standing Calf Raise Machine,Legs,20.0,kgs,12,,,
2025-09-14,Standing Calf Raise Machine,Legs,40.0,kgs,11,,,
2025-09-14,Standing Calf Raise Machine,Legs,50.0,kgs,6,,,
2025-09-14,Squat Machine (Each Side),Legs,20.0,kgs,14,,,
2025-09-14,Squat Machine (Each Side),Legs,40.0,kgs,6,,,
2025-09-16,Overhead Press (Each Side, Dumbbells),Shoulders,10.0,kgs,15,,,
2025-09-16,Overhead Press (Each Side, Dumbbells),Shoulders,12.0,kgs,10,,,
2025-09-16,Overhead Press (Each Side, Dumbbells),Shoulders,14.0,kgs,8,,,
2025-09-16,Overhead Press (Each Side, Dumbbells),Shoulders,16.0,kgs,4,,,
2025-09-16,Cable Lateral Raise (Each Side),Shoulders,1.25,kgs,15,,,
2025-09-16,Cable Lateral Raise (Each Side),Shoulders,2.5,kgs,12,,,
2025-09-16,Cable Lateral Raise (Each Side),Shoulders,3.75,kgs,8,,,
2025-09-16,Rear Delt Pulling (Each Side, Cable In Front Of Eyes Area),Shoulders,1.25,kgs,12,,,
2025-09-16,Rear Delt Pulling (Each Side, Cable In Front Of Eyes Area),Shoulders,2.5,kgs,6,,,
2025-09-16,Rear Delt Pulling (Each Side, Cable In Front Of Eyes Area),Shoulders,2.5,kgs,8,,,
2025-09-16,Rear Delt Pulling (Each Side, Cable In Front Of Eyes Area),Shoulders,2.5,kgs,8,,,
2025-09-16,Seated Incline Dumbbell Curl (Each Side),Biceps,8.0,kgs,15,,,
2025-09-16,Seated Incline Dumbbell Curl (Each Side),Biceps,10.0,kgs,5,,,
2025-09-16,Seated Incline Dumbbell Curl (Each Side),Biceps,10.0,kgs,6,,,